DateTime,Nitrate Load,Source
2016-01-01,0.195563143,USGS
2016-01-02,0.179882588,USGS
2016-01-03,0.173833361,USGS
2016-01-04,0.161502621,USGS
2016-01-05,0.15067563,USGS
2016-01-06,0.140237412,USGS
2016-01-07,0.136471928,USGS
2016-01-08,0.135432752,USGS
2016-01-09,0.140222742,USGS
2016-01-10,0.132391022,USGS
2016-01-11,0.115976932,USGS
2016-01-12,0.096447758,USGS
2016-01-13,0.105917708,USGS
2016-01-14,0.113001221,USGS
2016-01-15,0.121583592,USGS
2016-01-16,0.094970906,USGS
2016-01-17,0.039415334,USGS
2016-01-18,0.046124744,USGS
2016-01-19,0.049117571,USGS
2016-01-20,0.057127784,USGS
2016-01-21,0.072451351,USGS
2016-01-22,0.090019538,USGS
2016-01-23,0.087290784,USGS
2016-01-24,0.082821105,USGS
2016-01-25,0.078326974,USGS
2016-01-26,0.075705805,USGS
2016-01-27,0.072390223,USGS
2016-01-28,0.069558774,USGS
2016-01-29,0.06928492,USGS
2016-01-30,0.069832627,USGS
2016-01-31,0.074446324,USGS
2016-02-01,0.076987048,USGS
2016-02-02,0.082126691,USGS
2016-02-03,0.083699881,USGS
2016-02-04,0.066487703,USGS
2016-02-05,0.063348169,USGS
2016-02-06,0.069062414,USGS
2016-02-07,0.070947602,USGS
2016-02-08,0.0641844,USGS
2016-02-09,0.046640664,USGS
2016-02-10,0.049019766,USGS
2016-02-11,0.045442555,USGS
2016-02-12,0.0460465,USGS
2016-02-13,0.046953639,USGS
2016-02-14,0.052220428,USGS
2016-02-15,0.053870884,USGS
2016-02-16,0.060903049,USGS
2016-02-17,0.069021336,USGS
2016-02-18,0.073619629,USGS
2016-02-19,0.107891409,USGS
2016-02-20,0.227640672,USGS
2016-02-21,0.269178371,USGS
2016-02-22,0.280890495,USGS
2016-02-23,0.312706397,USGS
2016-02-24,0.340715246,USGS
2016-02-25,0.316740845,USGS
2016-02-26,0.266958202,USGS
2016-02-27,0.232648278,USGS
2016-02-28,0.216539827,USGS
2016-02-29,0.220143934,USGS
2016-03-01,0.210016247,USGS
2016-03-02,0.192039725,USGS
2016-03-03,0.171867485,USGS
2016-03-04,0.15465384,USGS
2016-03-05,0.137978122,USGS
2016-03-06,0.129461769,USGS
2016-03-07,0.123723072,USGS
2016-03-08,0.124576419,USGS
2016-03-09,0.122686341,USGS
2016-03-10,0.115077128,USGS
2016-03-11,0.106934878,USGS
2016-03-12,0.10005431,USGS
2016-03-13,0.097706995,USGS
2016-03-14,0.097178849,USGS
2016-03-15,0.096802301,USGS
2016-03-16,0.089510953,USGS
2016-03-17,0.084493567,USGS
2016-03-18,0.078226724,USGS
2016-03-19,0.072470912,USGS
2016-03-20,0.069979334,USGS
2016-03-21,0.067387507,USGS
2016-03-22,0.063927662,USGS
2016-03-23,0.06315745,USGS
2016-03-24,0.064976619,USGS
2016-03-25,0.068336214,USGS
2016-03-26,0.080102131,USGS
2016-03-27,0.090261605,USGS
2016-03-28,0.09189739,USGS
2016-03-29,0.102592345,USGS
2016-03-30,0.115492798,USGS
2016-03-31,0.1152165,USGS
2016-04-01,0.107749103,USGS
2016-04-02,0.112453514,USGS
2016-04-03,0.172190241,USGS
2016-04-04,0.206930506,USGS
2016-04-05,0.175143946,USGS
2016-04-06,0.140985619,USGS
2016-04-07,0.119419661,USGS
2016-04-08,0.10441885,USGS
2016-04-09,0.090687056,USGS
2016-04-10,0.080835667,USGS
2016-04-11,0.075920976,USGS
2016-04-12,0.069734822,USGS
2016-04-13,0.062717328,USGS
2016-04-14,0.058330783,USGS
2016-04-15,0.055367297,USGS
2016-04-16,0.050904953,USGS
2016-04-17,0.04840115,USGS
2016-04-18,0.045875341,USGS
2016-04-19,0.044325135,USGS
2016-04-20,0.04339599,USGS
2016-04-21,0.049074536,USGS
2016-04-22,0.07378932,USGS
2016-04-23,0.133175906,USGS
2016-04-24,0.138780121,USGS
2016-04-25,0.116236115,USGS
2016-04-26,0.099790237,USGS
2016-04-27,0.094675046,USGS
2016-04-28,0.14426208,USGS
2016-04-29,0.202199198,USGS
2016-04-30,0.26518549,USGS
2016-05-01,0.345148249,USGS
2016-05-02,0.416257229,USGS
2016-05-03,0.435671482,USGS
2016-05-04,0.46946304,USGS
2016-05-05,0.475331328,USGS
2016-05-06,0.428776243,USGS
2016-05-07,0.321298548,USGS
2016-05-08,0.263087577,USGS
2016-05-09,0.232227717,USGS
2016-05-10,0.248023192,USGS
2016-05-11,0.308427437,USGS
2016-05-12,0.331753882,USGS
2016-05-13,0.346669114,USGS
2016-05-14,0.303009051,USGS
2016-05-15,0.266229556,USGS
2016-05-16,0.239235431,USGS
2016-05-17,0.22270153,USGS
2016-05-18,0.207179908,USGS
2016-05-19,0.190983433,USGS
2016-05-20,0.179848356,USGS
2016-05-21,0.169256097,USGS
2016-05-22,0.160277616,USGS
2016-05-23,0.149817393,USGS
2016-05-24,0.149308808,USGS
2016-05-25,0.201208925,USGS
2016-05-26,0.215967669,USGS
2016-05-27,0.274921957,USGS
2016-05-28,0.247045144,USGS
2016-05-29,0.214485926,USGS
2016-05-30,0.1879686,USGS
2016-05-31,0.18307836,USGS
2016-06-01,0.170767181,USGS
2016-06-02,0.168639926,USGS
2016-06-03,0.161201871,USGS
2016-06-04,0.15312564,USGS
2016-06-05,0.138496487,USGS
2016-06-06,0.123960249,USGS
2016-06-07,0.11411375,USGS
2016-06-08,0.105702538,USGS
2016-06-09,0.101218188,USGS
2016-06-10,0.096949008,USGS
2016-06-11,0.093452486,USGS
2016-06-12,0.087320125,USGS
2016-06-13,0.082601044,USGS
2016-06-14,0.07671564,USGS
2016-06-15,0.090352074,USGS
2016-06-16,0.102783064,USGS
2016-06-17,0.099213189,USGS
2016-06-18,0.093770352,USGS
2016-06-19,0.084884786,USGS
2016-06-20,0.073671466,USGS
2016-06-21,0.066350776,USGS
2016-06-22,0.058044704,USGS
2016-06-23,0.051208148,USGS
2016-06-24,0.045589262,USGS
2016-06-25,0.040982656,USGS
2016-06-26,0.039136591,USGS
2016-06-27,0.034329485,USGS
2016-06-28,0.029678867,USGS
2016-06-29,0.026162784,USGS
2016-06-30,0.02608943,USGS
2016-07-01,0.038697203,USGS
2016-07-02,0.038767378,USGS
2016-07-03,0.02934144,USGS
2016-07-04,0.02451624,USGS
2016-07-05,0.022603667,USGS
2016-07-06,0.020201533,USGS
2016-07-07,0.022631053,USGS
2016-07-08,0.025771565,USGS
2016-07-09,0.025306992,USGS
2016-07-10,0.019746202,USGS
2016-07-11,0.015796209,USGS
2016-07-12,0.018609515,USGS
2016-07-13,0.016434581,USGS
2016-07-14,0.014495845,USGS
2016-07-15,0.01295718,USGS
2016-07-16,0.0112588,USGS
2016-07-17,0.011518202,USGS
2016-07-18,0.017355486,USGS
2016-07-19,0.039566932,USGS
2016-07-20,0.061509194,USGS
2016-07-21,0.098555941,USGS
2016-07-22,0.138965217,USGS
2016-07-23,0.129805797,USGS
2016-07-24,0.085370876,USGS
2016-07-25,0.061458091,USGS
2016-07-26,0.04698836,USGS
2016-07-27,0.035999991,USGS
2016-07-28,0.027718858,USGS
2016-07-29,0.022248636,USGS
2016-07-30,0.019029391,USGS
2016-07-31,0.015494628,USGS
2016-08-01,0.013441974,USGS
2016-08-02,0.022832531,USGS
2016-08-03,0.026176232,USGS
2016-08-04,0.0240101,USGS
2016-08-05,0.01812812,USGS
2016-08-06,0.014311336,USGS
2016-08-07,0.010429341,USGS
2016-08-08,0.008585036,USGS
2016-08-09,0.007172075,USGS
2016-08-10,0.006868538,USGS
2016-08-11,0.006645738,USGS
2016-08-12,0.022090192,USGS
2016-08-13,0.082781983,USGS
2016-08-14,0.062844963,USGS
2016-08-15,0.044050059,USGS
2016-08-16,0.031870917,USGS
2016-08-17,0.023029363,USGS
2016-08-18,0.017474295,USGS
2016-08-19,0.013555256,USGS
2016-08-20,0.013636434,USGS
2016-08-21,0.010437924,USGS
2016-08-22,0.010766475,USGS
2016-08-23,0.013086038,USGS
2016-08-24,0.013282136,USGS
2016-08-25,0.010648791,USGS
2016-08-26,0.008547919,USGS
2016-08-27,0.007779076,USGS
2016-08-28,0.007562023,USGS
2016-08-29,0.007376976,USGS
2016-08-30,0.007501873,USGS
2016-08-31,0.007364946,USGS
2016-09-01,0.005740897,USGS
2016-09-02,0.004819992,USGS
2016-09-03,0.004364392,USGS
2016-09-04,0.004095772,USGS
2016-09-05,0.00426023,USGS
2016-09-06,0.004070024,USGS
2016-09-07,0.004165824,USGS
2016-09-08,0.004533228,USGS
2016-09-09,0.004569245,USGS
2016-09-10,0.013208538,USGS
2016-09-11,0.013989265,USGS
2016-09-12,0.017650343,USGS
2016-09-13,0.02025513,USGS
2016-09-14,0.019300799,USGS
2016-09-15,0.015226007,USGS
2016-09-16,0.04289963,USGS
2016-09-17,0.07772792,USGS
2016-09-18,0,USGS
2016-09-19,0,USGS
2016-09-20,0.123661699,USGS
2016-09-21,0.116082072,USGS
2016-09-22,0.103063764,USGS
2016-09-23,0.086423255,USGS
2016-09-24,0.06928492,USGS
2016-09-25,0.068785138,USGS
2016-09-26,0.106766165,USGS
2016-09-27,0.13471731,USGS
2016-09-28,0.141986162,USGS
2016-09-29,0.120728045,USGS
2016-09-30,0.098469139,USGS
2016-10-01,0.084081809,USGS
2016-10-02,0.074368325,USGS
2016-10-03,0.065858329,USGS
2016-10-04,0.059988574,USGS
2016-10-05,0.057710211,USGS
2016-10-06,0.074877643,USGS
2016-10-07,0.12917569,USGS
2016-10-08,0.173896201,USGS
2016-10-09,0.171767479,USGS
2016-10-10,0.16623833,USGS
2016-10-11,0.151738279,USGS
2016-10-12,0.131105378,USGS
2016-10-13,0.110323814,USGS
2016-10-14,0.094174286,USGS
2016-10-15,0.086642827,USGS
2016-10-16,0.080773072,USGS
2016-10-17,0.075406523,USGS
2016-10-18,0.069476618,USGS
2016-10-19,0.063445485,USGS
2016-10-20,0.056408429,USGS
2016-10-21,0.051569781,USGS
2016-10-22,0.047000341,USGS
2016-10-23,0.04585627,USGS
2016-10-24,0.044674543,USGS
2016-10-25,0.043038024,USGS
2016-10-26,0.041268002,USGS
2016-10-27,0.038387406,USGS
2016-10-28,0.037266807,USGS
2016-10-29,0.036578995,USGS
2016-10-30,0.035503142,USGS
2016-10-31,0.034563727,USGS
2016-11-01,0.032646753,USGS
2016-11-02,0.032307126,USGS
2016-11-03,0.030295037,USGS
2016-11-04,0.028994477,USGS
2016-11-05,0.026842038,USGS
2016-11-06,0.025478639,USGS
2016-11-07,0.024751705,USGS
2016-11-08,0.024341659,USGS
2016-11-09,0.022945984,USGS
2016-11-10,0.022466741,USGS
2016-11-11,0.022065496,USGS
2016-11-12,0.023452124,USGS
2016-11-13,0.037003224,USGS
2016-11-14,0.028321825,USGS
2016-11-15,0.022020751,USGS
2016-11-16,0.0195436,USGS
2016-11-17,0.019488584,USGS
2016-11-18,0.018007086,USGS
2016-11-19,0.018233749,USGS
2016-11-20,0.01854648,USGS
2016-11-21,0.018656266,USGS
2016-11-22,0.019190769,USGS
2016-11-23,0.022135182,USGS
2016-11-24,0.025286453,USGS
2016-11-25,0.023776347,USGS
2016-11-26,0.02421549,USGS
2016-11-27,0.024835573,USGS
2016-11-28,0.028401047,USGS
2016-11-29,0.028895206,USGS
2016-11-30,0.028417185,USGS
2016-12-01,0.027538898,USGS
2016-12-02,0.026829813,USGS
2016-12-03,0.025813132,USGS
2016-12-04,0.025091821,USGS
2016-12-05,0.025476194,USGS
2016-12-06,0.025210165,USGS
2016-12-07,0.024868337,USGS
2016-12-08,0.022151809,USGS
2016-12-09,0.014746323,USGS
2016-12-10,0.011084927,USGS
2016-12-11,0.007649118,USGS
2016-12-12,0.010347748,USGS
2016-12-13,0.016618698,USGS
2016-12-14,,USGS
2016-12-15,0.01947406,USGS
2016-12-16,0.019039514,USGS
2016-12-17,0.020084803,USGS
2016-12-18,0.016302177,USGS
2016-12-19,0.018570491,USGS
2016-12-20,0.022604645,USGS
2016-12-21,0.019651723,USGS
2016-12-22,0.023102961,USGS
2016-12-23,0.023285367,USGS
2016-12-24,0.021272544,USGS
2016-12-25,0.019600082,USGS
2016-12-26,0.020739263,USGS
2016-12-27,0.027871434,USGS
2016-12-28,0.042511834,USGS
2016-12-29,0.037475376,USGS
2016-12-30,0.037953153,USGS
2016-12-31,0.036761646,USGS
2017-01-01,0.031965054,USGS
2017-01-02,0.031007545,USGS
2017-01-03,0.027979997,USGS
2017-01-04,0.026407296,USGS
2017-01-05,0.029477878,USGS
2017-01-06,0.027326661,USGS
2017-01-07,0.024903058,USGS
2017-01-08,0.024449244,USGS
2017-01-09,0.024592039,USGS
2017-01-10,0.02671098,USGS
2017-01-11,0.031608066,USGS
2017-01-12,0.026113393,USGS
2017-01-13,0.022605623,USGS
2017-01-14,0.025194516,USGS
2017-01-15,0.022428597,USGS
2017-01-16,0.019789823,USGS
2017-01-17,0.016570334,USGS
2017-01-18,0.02431085,USGS
2017-01-19,0.025860323,USGS
2017-01-20,0.031369912,USGS
2017-01-21,0.038519687,USGS
2017-01-22,0.064332574,USGS
2017-01-23,0.068484144,USGS
2017-01-24,0.051011561,USGS
2017-01-25,0.041450652,USGS
2017-01-26,0.033100567,USGS
2017-01-27,0.029979616,USGS
2017-01-28,0.026522461,USGS
2017-01-29,0.024796451,USGS
2017-01-30,0.024989371,USGS
2017-01-31,0.025961306,USGS
2017-02-01,0.025165175,USGS
2017-02-02,0.025497711,USGS
2017-02-03,0.026509013,USGS
2017-02-04,0.026415854,USGS
2017-02-05,0.025861545,USGS
2017-02-06,0.023974157,USGS
2017-02-07,0.022405124,USGS
2017-02-08,0.018826935,USGS
2017-02-09,0.016145201,USGS
2017-02-10,0.020054141,USGS
2017-02-11,0.029552209,USGS
2017-02-12,0.02601681,USGS
2017-02-13,0.023514719,USGS
2017-02-14,0.023643332,USGS
2017-02-15,0.027784877,USGS
2017-02-16,0.034703099,USGS
2017-02-17,0.03036839,USGS
2017-02-18,0.029710409,USGS
2017-02-19,0.02750271,USGS
2017-02-20,0.029930469,USGS
2017-02-21,0.041586112,USGS
2017-02-22,0.066314589,USGS
2017-02-23,0.085680183,USGS
2017-02-24,0.084262503,USGS
2017-02-25,0.077280218,USGS
2017-02-26,0.075977214,USGS
2017-02-27,0.069813066,USGS
2017-02-28,0.069914783,USGS
2017-03-01,0.069178313,USGS
2017-03-02,0.07135447,USGS
2017-03-03,0.078525518,USGS
2017-03-04,0.082447979,USGS
2017-03-05,0.080138808,USGS
2017-03-06,0.077861179,USGS
2017-03-07,0.080337596,USGS
2017-03-08,0.112985572,USGS
2017-03-09,0.126221007,USGS
2017-03-10,0.105491279,USGS
2017-03-11,0.090242533,USGS
2017-03-12,0.0807941,USGS
2017-03-13,0.072766771,USGS
2017-03-14,0.065318447,USGS
2017-03-15,0.060453636,USGS
2017-03-16,0.05688914,USGS
2017-03-17,0.054089967,USGS
2017-03-18,0.051875666,USGS
2017-03-19,0.050549433,USGS
2017-03-20,0.049972385,USGS
2017-03-21,0.04943079,USGS
2017-03-22,0.047593772,USGS
2017-03-23,0.045514442,USGS
2017-03-24,0.043932205,USGS
2017-03-25,0.044569647,USGS
2017-03-26,0.058286771,USGS
2017-03-27,0.068295136,USGS
2017-03-28,0.075924644,USGS
2017-03-29,0.074094716,USGS
2017-03-30,0.116095276,USGS
2017-03-31,0.188470583,USGS
2017-04-01,0.217987338,USGS
2017-04-02,0.201477888,USGS
2017-04-03,0.178882534,USGS
2017-04-04,0.178548531,USGS
2017-04-05,0.167564074,USGS
2017-04-06,0.155774438,USGS
2017-04-07,0.140912266,USGS
2017-04-08,0.129689165,USGS
2017-04-09,0.11981088,USGS
2017-04-10,0.108968973,USGS
2017-04-11,0.101499376,USGS
2017-04-12,0.090958464,USGS
2017-04-13,0.085276983,USGS
2017-04-14,0.0807941,USGS
2017-04-15,0.085706346,USGS
2017-04-16,0.089821483,USGS
2017-04-17,0.089828085,USGS
2017-04-18,0.113707616,USGS
2017-04-19,0.109970739,USGS
2017-04-20,0.100263124,USGS
2017-04-21,0.119077344,USGS
2017-04-22,0.129899445,USGS
2017-04-23,0.134738338,USGS
2017-04-24,0.12113858,USGS
2017-04-25,0.109301754,USGS
2017-04-26,0.100010298,USGS
2017-04-27,0.092931676,USGS
2017-04-28,0.084953249,USGS
2017-04-29,0.082241611,USGS
2017-04-30,0.078475148,USGS
2017-05-01,0.132823809,USGS
2017-05-02,0.221767494,USGS
2017-05-03,0.273315514,USGS
2017-05-04,0.270635662,USGS
2017-05-05,0.222420341,USGS
2017-05-06,0.195707405,USGS
2017-05-07,0.17593861,USGS
2017-05-08,0.157768923,USGS
2017-05-09,0.125263498,USGS
2017-05-10,0.128124288,USGS
2017-05-11,0.176782176,USGS
2017-05-12,0.173623081,USGS
2017-05-13,0.148372327,USGS
2017-05-14,0.133728503,USGS
2017-05-15,0.121864781,USGS
2017-05-16,0.113448678,USGS
2017-05-17,0.130290664,USGS
2017-05-18,0.151482519,USGS
2017-05-19,0.230271621,USGS
2017-05-20,0.337499914,USGS
2017-05-21,0.397087488,USGS
2017-05-22,0.448777325,USGS
2017-05-23,0.472421635,USGS
2017-05-24,0.492813936,USGS
2017-05-25,0.456944026,USGS
2017-05-26,0.355618253,USGS
2017-05-27,0.289570671,USGS
2017-05-28,0.255387894,USGS
2017-05-29,0.235103178,USGS
2017-05-30,0.217544772,USGS
2017-05-31,0.201399644,USGS
2017-06-01,0.18461634,USGS
2017-06-02,0.172909106,USGS
2017-06-03,0.160204262,USGS
2017-06-04,0.148184052,USGS
2017-06-05,0.135308051,USGS
2017-06-06,0.125860107,USGS
2017-06-07,0.117087016,USGS
2017-06-08,0.110543875,USGS
2017-06-09,0.104416404,USGS
2017-06-10,0.095934283,USGS
2017-06-11,0.091662659,USGS
2017-06-12,0.084234384,USGS
2017-06-13,0.078874681,USGS
2017-06-14,0.082156032,USGS
2017-06-15,0.091948738,USGS
2017-06-16,0.078852675,USGS
2017-06-17,0.074277855,USGS
2017-06-18,0.068072141,USGS
2017-06-19,0.063722272,USGS
2017-06-20,0.061685487,USGS
2017-06-21,0.05644315,USGS
2017-06-22,0.053518787,USGS
2017-06-23,0.051391532,USGS
2017-06-24,0.050662886,USGS
2017-06-25,0.045053781,USGS
2017-06-26,0.041043784,USGS
2017-06-27,0.038618225,USGS
2017-06-28,0.038280799,USGS
2017-06-29,0.036884391,USGS
2017-06-30,0.03402629,USGS
2017-07-01,0.031759175,USGS
2017-07-02,0.030139527,USGS
2017-07-03,0.029870319,USGS
2017-07-04,0.029044113,USGS
2017-07-05,0.027835002,USGS
2017-07-06,0.027264555,USGS
2017-07-07,0.023934791,USGS
2017-07-08,0.020596224,USGS
2017-07-09,0.018525085,USGS
2017-07-10,0.016085858,USGS
2017-07-11,0.014363564,USGS
2017-07-12,0.014710673,USGS
2017-07-13,0.009649226,USGS
2017-07-14,0.010303687,USGS
2017-07-15,0.009043032,USGS
2017-07-16,0.007640511,USGS
2017-07-17,0.006444847,USGS
2017-07-18,0.005831416,USGS
2017-07-19,0.005445502,USGS
2017-07-20,0.005081791,USGS
2017-07-21,0.004743826,USGS
2017-07-22,0.008463636,USGS
2017-07-23,0.009090712,USGS
2017-07-24,,USGS
2017-07-25,,USGS
2017-07-26,0.003215186,USGS
2017-07-27,0.003953759,USGS
2017-07-28,0.003829009,USGS
2017-07-29,0.003530753,USGS
2017-07-30,0.00305063,USGS
2017-07-31,0.002755015,USGS
2017-08-01,0.00275653,USGS
2017-08-02,0.002239999,USGS
2017-08-03,0.001875505,USGS
2017-08-04,0.003019528,USGS
2017-08-05,0.002695402,USGS
2017-08-06,0.002857612,USGS
2017-08-07,0.002722397,USGS
2017-08-08,0.002295503,USGS
2017-08-09,0.001968175,USGS
2017-08-10,0.001850222,USGS
2017-08-11,0.001696767,USGS
2017-08-12,0.001541012,USGS
2017-08-13,0.001368363,USGS
2017-08-14,0.001335671,USGS
2017-08-15,0.001489151,USGS
2017-08-16,0.001880126,USGS
2017-08-17,0.001874918,USGS
2017-08-18,0.001830539,USGS
2017-08-19,0.00178396,USGS
2017-08-20,0.00212366,USGS
2017-08-21,0.010851443,USGS
2017-08-22,0.002759318,USGS
2017-08-23,0.003337833,USGS
2017-08-24,0.002752569,USGS
2017-08-25,0.00246451,USGS
2017-08-26,0.002222614,USGS
2017-08-27,0.002184837,USGS
2017-08-28,0.002057568,USGS
2017-08-29,0.001949152,USGS
2017-08-30,0.001621115,USGS
2017-08-31,,USGS
2017-09-01,,USGS
2017-09-02,0.001114779,USGS
2017-09-03,0.000937875,USGS
2017-09-04,0.000803466,USGS
2017-09-05,0.000712728,USGS
2017-09-06,0.000744881,USGS
2017-09-07,0.000691871,USGS
2017-09-08,0.000762022,USGS
2017-09-09,0.000705075,USGS
2017-09-10,0.000691871,USGS
2017-09-11,0.000622112,USGS
2017-09-12,0.00057184,USGS
2017-09-13,0.00050504,USGS
2017-09-14,0.000519295,USGS
2017-09-15,0.000484427,USGS
2017-09-16,0.000459585,USGS
2017-09-17,0.000554553,USGS
2017-09-18,0.000827869,USGS
2017-09-19,0.001049054,USGS
2017-09-20,0.000933889,USGS
2017-09-21,0.000717105,USGS
2017-09-22,0.00065138,USGS
2017-09-23,0.000722093,USGS
2017-09-24,0.000560715,USGS
2017-09-25,0.000856966,USGS
2017-09-26,0.001195052,USGS
2017-09-27,0.001336551,USGS
2017-09-28,0.000964747,USGS
2017-09-29,0.000803833,USGS
2017-09-30,0.000803246,USGS
2017-10-01,0.000820705,USGS
2017-10-02,0.000890806,USGS
2017-10-03,0.001317064,USGS
2017-10-04,0.001401445,USGS
2017-10-05,0.001239407,USGS
2017-10-06,0.001691387,USGS
2017-10-07,0.004999048,USGS
2017-10-08,0.007182785,USGS
2017-10-09,0.004926917,USGS
2017-10-10,0.007517277,USGS
2017-10-11,0.011780588,USGS
2017-10-12,0.009201476,USGS
2017-10-13,0.008585305,USGS
2017-10-14,0.009037164,USGS
2017-10-15,0.011885239,USGS
2017-10-16,0.009178002,USGS
2017-10-17,0.008741304,USGS
2017-10-18,0.008348618,USGS
2017-10-19,0.007556643,USGS
2017-10-20,0.006675178,USGS
2017-10-21,0.006158695,USGS
2017-10-22,0.005877971,USGS
2017-10-23,0.005849827,USGS
2017-10-24,0.005194168,USGS
2017-10-25,0.005532989,USGS
2017-10-26,0.006570135,USGS
2017-10-27,0.006505877,USGS
2017-10-28,0.006161164,USGS
2017-10-29,0.006040522,USGS
2017-10-30,0.005859119,USGS
2017-10-31,0.005233339,USGS
2017-11-01,0.005124311,USGS
2017-11-02,0.004991761,USGS
2017-11-03,0.00475258,USGS
2017-11-04,0.004531492,USGS
2017-11-05,0.004470119,USGS
2017-11-06,0.004079634,USGS
2017-11-07,0.003941411,USGS
2017-11-08,0.003848863,USGS
2017-11-09,0.0038383,USGS
2017-11-10,0.003724064,USGS
2017-11-11,0.003687485,USGS
2017-11-12,0.003943807,USGS
2017-11-13,0.003937254,USGS
2017-11-14,0.003786268,USGS
2017-11-15,0.003726974,USGS
2017-11-16,0.003588727,USGS
2017-11-17,0.0035398,USGS
2017-11-18,0.003621321,USGS
2017-11-19,0.003585817,USGS
2017-11-20,0.003352846,USGS
2017-11-21,0.003122663,USGS
2017-11-22,0.002977105,USGS
2017-11-23,0.002991947,USGS
2017-11-24,0.003289664,USGS
2017-11-25,0.003117821,USGS
2017-11-26,0.002906954,USGS
2017-11-27,0.002832329,USGS
2017-11-28,0.002923092,USGS
2017-11-29,0.002734573,USGS
2017-11-30,0.002467468,USGS
2017-12-01,0.002463409,USGS
2017-12-02,0.002513779,USGS
2017-12-03,0.002642832,USGS
2017-12-04,0.002755259,USGS
2017-12-05,0.002402575,USGS
2017-12-06,0.002324845,USGS
2017-12-07,0.001581161,USGS
2017-12-08,0.001279409,USGS
2017-12-09,0.001147397,USGS
2017-12-10,0.001417412,USGS
2017-12-11,0.00149744,USGS
2017-12-12,0.001606542,USGS
2017-12-13,0.001619403,USGS
2017-12-14,0.001571259,USGS
2017-12-15,0.001624147,USGS
2017-12-16,0.001844599,USGS
2017-12-17,0.001800684,USGS
2017-12-18,,USGS
2017-12-19,0.001353618,USGS
2017-12-20,0.001332077,USGS
2017-12-21,0.001259335,USGS
2017-12-22,0.001149915,USGS
2017-12-23,0.001055632,USGS
2017-12-24,0.001020495,USGS
2017-12-25,0.001023527,USGS
2017-12-26,0.001369683,USGS
2017-12-27,0.002085712,USGS
2017-12-28,0.002592561,USGS
2017-12-29,0.003098236,USGS
2017-12-30,0.003154547,USGS
2017-12-31,,USGS
2016-01-01,0.06765,LIS-SWAT
2016-01-02,0.06456,LIS-SWAT
2016-01-03,0.06135,LIS-SWAT
2016-01-04,0.05805,LIS-SWAT
2016-01-05,0.05476,LIS-SWAT
2016-01-06,0.05164,LIS-SWAT
2016-01-07,0.04862,LIS-SWAT
2016-01-08,0.04593,LIS-SWAT
2016-01-09,0.04365,LIS-SWAT
2016-01-10,0.04152,LIS-SWAT
2016-01-11,0.03925,LIS-SWAT
2016-01-12,0.03712,LIS-SWAT
2016-01-13,0.03509,LIS-SWAT
2016-01-14,0.03316,LIS-SWAT
2016-01-15,0.03145,LIS-SWAT
2016-01-16,0.03027,LIS-SWAT
2016-01-17,0.02845,LIS-SWAT
2016-01-18,0.02677,LIS-SWAT
2016-01-19,0.02516,LIS-SWAT
2016-01-20,0.02295,LIS-SWAT
2016-01-21,0.02149,LIS-SWAT
2016-01-22,0.01939,LIS-SWAT
2016-01-23,0.01686,LIS-SWAT
2016-01-24,0.01524,LIS-SWAT
2016-01-25,0.009619,LIS-SWAT
2016-01-26,0.009387,LIS-SWAT
2016-01-27,0.009121,LIS-SWAT
2016-01-28,0.008854,LIS-SWAT
2016-01-29,0.008717,LIS-SWAT
2016-01-30,0.008506,LIS-SWAT
2016-01-31,0.008289,LIS-SWAT
2016-02-01,0.008385,LIS-SWAT
2016-02-02,0.008529,LIS-SWAT
2016-02-03,0.009028,LIS-SWAT
2016-02-04,0.009852,LIS-SWAT
2016-02-05,0.0102,LIS-SWAT
2016-02-06,0.009844,LIS-SWAT
2016-02-07,0.009156,LIS-SWAT
2016-02-08,0.008557,LIS-SWAT
2016-02-09,0.007724,LIS-SWAT
2016-02-10,0.007257,LIS-SWAT
2016-02-11,0.007068,LIS-SWAT
2016-02-12,0.006614,LIS-SWAT
2016-02-13,0.02712,LIS-SWAT
2016-02-14,0.02677,LIS-SWAT
2016-02-15,0.02701,LIS-SWAT
2016-02-16,0.02722,LIS-SWAT
2016-02-17,0.03099,LIS-SWAT
2016-02-18,0.035,LIS-SWAT
2016-02-19,0.03826,LIS-SWAT
2016-02-20,0.03903,LIS-SWAT
2016-02-21,0.04354,LIS-SWAT
2016-02-22,0.0449,LIS-SWAT
2016-02-23,0.04358,LIS-SWAT
2016-02-24,0.04189,LIS-SWAT
2016-02-25,0.03829,LIS-SWAT
2016-02-26,0.03426,LIS-SWAT
2016-02-27,0.03154,LIS-SWAT
2016-02-28,0.02961,LIS-SWAT
2016-02-29,0.02786,LIS-SWAT
2016-03-01,0.02666,LIS-SWAT
2016-03-02,0.02429,LIS-SWAT
2016-03-03,0.0222,LIS-SWAT
2016-03-04,0.02117,LIS-SWAT
2016-03-05,0.02007,LIS-SWAT
2016-03-06,0.01935,LIS-SWAT
2016-03-07,0.01906,LIS-SWAT
2016-03-08,0.01882,LIS-SWAT
2016-03-09,0.01848,LIS-SWAT
2016-03-10,0.01831,LIS-SWAT
2016-03-11,0.01805,LIS-SWAT
2016-03-12,0.01783,LIS-SWAT
2016-03-13,0.01736,LIS-SWAT
2016-03-14,0.01756,LIS-SWAT
2016-03-15,0.01758,LIS-SWAT
2016-03-16,0.01921,LIS-SWAT
2016-03-17,0.02004,LIS-SWAT
2016-03-18,0.01966,LIS-SWAT
2016-03-19,0.01931,LIS-SWAT
2016-03-20,0.01904,LIS-SWAT
2016-03-21,0.01884,LIS-SWAT
2016-03-22,0.01887,LIS-SWAT
2016-03-23,0.01902,LIS-SWAT
2016-03-24,0.01854,LIS-SWAT
2016-03-25,0.01827,LIS-SWAT
2016-03-26,0.01807,LIS-SWAT
2016-03-27,0.01902,LIS-SWAT
2016-03-28,0.01923,LIS-SWAT
2016-03-29,0.01932,LIS-SWAT
2016-03-30,0.02048,LIS-SWAT
2016-03-31,0.02138,LIS-SWAT
2016-04-01,0.0242,LIS-SWAT
2016-04-02,0.02517,LIS-SWAT
2016-04-03,0.02632,LIS-SWAT
2016-04-04,0.02721,LIS-SWAT
2016-04-05,0.02729,LIS-SWAT
2016-04-06,0.02679,LIS-SWAT
2016-04-07,0.0262,LIS-SWAT
2016-04-08,0.02558,LIS-SWAT
2016-04-09,0.02525,LIS-SWAT
2016-04-10,0.0254,LIS-SWAT
2016-04-11,0.02561,LIS-SWAT
2016-04-12,0.02599,LIS-SWAT
2016-04-13,0.02649,LIS-SWAT
2016-04-14,0.02714,LIS-SWAT
2016-04-15,0.02791,LIS-SWAT
2016-04-16,0.0288,LIS-SWAT
2016-04-17,0.02976,LIS-SWAT
2016-04-18,0.03075,LIS-SWAT
2016-04-19,0.03168,LIS-SWAT
2016-04-20,0.0339,LIS-SWAT
2016-04-21,0.02769,LIS-SWAT
2016-04-22,0.02594,LIS-SWAT
2016-04-23,0.02552,LIS-SWAT
2016-04-24,0.02589,LIS-SWAT
2016-04-25,0.02876,LIS-SWAT
2016-04-26,0.0484,LIS-SWAT
2016-04-27,0.053,LIS-SWAT
2016-04-28,0.1187,LIS-SWAT
2016-04-29,0.1596,LIS-SWAT
2016-04-30,0.173,LIS-SWAT
2016-05-01,0.2952,LIS-SWAT
2016-05-02,0.3602,LIS-SWAT
2016-05-03,0.3834,LIS-SWAT
2016-05-04,0.3844,LIS-SWAT
2016-05-05,0.3725,LIS-SWAT
2016-05-06,0.3562,LIS-SWAT
2016-05-07,0.3394,LIS-SWAT
2016-05-08,0.3257,LIS-SWAT
2016-05-09,0.3154,LIS-SWAT
2016-05-10,0.3576,LIS-SWAT
2016-05-11,0.4285,LIS-SWAT
2016-05-12,0.4512,LIS-SWAT
2016-05-13,0.4622,LIS-SWAT
2016-05-14,0.4682,LIS-SWAT
2016-05-15,0.4684,LIS-SWAT
2016-05-16,0.4623,LIS-SWAT
2016-05-17,0.4518,LIS-SWAT
2016-05-18,0.4405,LIS-SWAT
2016-05-19,0.4261,LIS-SWAT
2016-05-20,0.4126,LIS-SWAT
2016-05-21,0.3989,LIS-SWAT
2016-05-22,0.385,LIS-SWAT
2016-05-23,0.3697,LIS-SWAT
2016-05-24,0.3531,LIS-SWAT
2016-05-25,0.3005,LIS-SWAT
2016-05-26,0.2782,LIS-SWAT
2016-05-27,0.2872,LIS-SWAT
2016-05-28,0.3272,LIS-SWAT
2016-05-29,0.3696,LIS-SWAT
2016-05-30,0.3663,LIS-SWAT
2016-05-31,0.358,LIS-SWAT
2016-06-01,0.3469,LIS-SWAT
2016-06-02,0.3235,LIS-SWAT
2016-06-03,0.3153,LIS-SWAT
2016-06-04,0.3098,LIS-SWAT
2016-06-05,0.3031,LIS-SWAT
2016-06-06,0.295,LIS-SWAT
2016-06-07,0.2863,LIS-SWAT
2016-06-08,0.2766,LIS-SWAT
2016-06-09,0.2648,LIS-SWAT
2016-06-10,0.2507,LIS-SWAT
2016-06-11,0.2344,LIS-SWAT
2016-06-12,0.2169,LIS-SWAT
2016-06-13,0.1962,LIS-SWAT
2016-06-14,0.1733,LIS-SWAT
2016-06-15,0.1513,LIS-SWAT
2016-06-16,0.1354,LIS-SWAT
2016-06-17,0.1195,LIS-SWAT
2016-06-18,0.1069,LIS-SWAT
2016-06-19,0.09585,LIS-SWAT
2016-06-20,0.0857,LIS-SWAT
2016-06-21,0.07624,LIS-SWAT
2016-06-22,0.06828,LIS-SWAT
2016-06-23,0.06161,LIS-SWAT
2016-06-24,0.0562,LIS-SWAT
2016-06-25,0.05175,LIS-SWAT
2016-06-26,0.04799,LIS-SWAT
2016-06-27,0.04532,LIS-SWAT
2016-06-28,0.03381,LIS-SWAT
2016-06-29,0.03205,LIS-SWAT
2016-06-30,0.03011,LIS-SWAT
2016-07-01,0.02583,LIS-SWAT
2016-07-02,0.02473,LIS-SWAT
2016-07-03,0.0246,LIS-SWAT
2016-07-04,0.02507,LIS-SWAT
2016-07-05,0.02445,LIS-SWAT
2016-07-06,0.02343,LIS-SWAT
2016-07-07,0.02161,LIS-SWAT
2016-07-08,0.01735,LIS-SWAT
2016-07-09,0.01966,LIS-SWAT
2016-07-10,0.01899,LIS-SWAT
2016-07-11,0.01812,LIS-SWAT
2016-07-12,0.01701,LIS-SWAT
2016-07-13,0.002456,LIS-SWAT
2016-07-14,0.001549,LIS-SWAT
2016-07-15,0.001447,LIS-SWAT
2016-07-16,0.001544,LIS-SWAT
2016-07-17,0.001674,LIS-SWAT
2016-07-18,0.002012,LIS-SWAT
2016-07-19,0.001076,LIS-SWAT
2016-07-20,0.0002757,LIS-SWAT
2016-07-21,0.0002164,LIS-SWAT
2016-07-22,0.000175,LIS-SWAT
2016-07-23,0.0001581,LIS-SWAT
2016-07-24,0.0001552,LIS-SWAT
2016-07-25,0.0001639,LIS-SWAT
2016-07-26,0.0001952,LIS-SWAT
2016-07-27,0.0002519,LIS-SWAT
2016-07-28,0.0003546,LIS-SWAT
2016-07-29,0.0004672,LIS-SWAT
2016-07-30,0.000618,LIS-SWAT
2016-07-31,0.0008175,LIS-SWAT
2016-08-01,0.001074,LIS-SWAT
2016-08-02,0.0008467,LIS-SWAT
2016-08-03,0.001035,LIS-SWAT
2016-08-04,0.001282,LIS-SWAT
2016-08-05,0.001628,LIS-SWAT
2016-08-06,0.001986,LIS-SWAT
2016-08-07,0.00238,LIS-SWAT
2016-08-08,0.002826,LIS-SWAT
2016-08-09,0.003293,LIS-SWAT
2016-08-10,0.003788,LIS-SWAT
2016-08-11,0.004257,LIS-SWAT
2016-08-12,0.0008215,LIS-SWAT
2016-08-13,0.0005285,LIS-SWAT
2016-08-14,0.000492,LIS-SWAT
2016-08-15,0.0005092,LIS-SWAT
2016-08-16,0.0005658,LIS-SWAT
2016-08-17,0.000613,LIS-SWAT
2016-08-18,0.0006617,LIS-SWAT
2016-08-19,0.0007168,LIS-SWAT
2016-08-20,0.000707,LIS-SWAT
2016-08-21,0.0007238,LIS-SWAT
2016-08-22,0.0007446,LIS-SWAT
2016-08-23,0.0007823,LIS-SWAT
2016-08-24,0.000842,LIS-SWAT
2016-08-25,0.001002,LIS-SWAT
2016-08-26,0.001081,LIS-SWAT
2016-08-27,0.00109,LIS-SWAT
2016-08-28,0.001122,LIS-SWAT
2016-08-29,0.001156,LIS-SWAT
2016-08-30,0.001726,LIS-SWAT
2016-08-31,0.002637,LIS-SWAT
2016-09-01,0.002641,LIS-SWAT
2016-09-02,0.002823,LIS-SWAT
2016-09-03,0.00329,LIS-SWAT
2016-09-04,0.00385,LIS-SWAT
2016-09-05,0.01277,LIS-SWAT
2016-09-06,0.01565,LIS-SWAT
2016-09-07,0.02044,LIS-SWAT
2016-09-08,0.01013,LIS-SWAT
2016-09-09,0.009198,LIS-SWAT
2016-09-10,0.0146,LIS-SWAT
2016-09-11,0.01528,LIS-SWAT
2016-09-12,0.01547,LIS-SWAT
2016-09-13,0.01603,LIS-SWAT
2016-09-14,0.01837,LIS-SWAT
2016-09-15,0.01894,LIS-SWAT
2016-09-16,0.01998,LIS-SWAT
2016-09-17,0.04524,LIS-SWAT
2016-09-18,0.05726,LIS-SWAT
2016-09-19,0.06368,LIS-SWAT
2016-09-20,0.06642,LIS-SWAT
2016-09-21,0.06448,LIS-SWAT
2016-09-22,0.06008,LIS-SWAT
2016-09-23,0.05581,LIS-SWAT
2016-09-24,0.0521,LIS-SWAT
2016-09-25,0.04949,LIS-SWAT
2016-09-26,0.06478,LIS-SWAT
2016-09-27,0.07559,LIS-SWAT
2016-09-28,0.08548,LIS-SWAT
2016-09-29,0.09432,LIS-SWAT
2016-09-30,0.103,LIS-SWAT
2016-10-01,0.09812,LIS-SWAT
2016-10-02,0.09348,LIS-SWAT
2016-10-03,0.08924,LIS-SWAT
2016-10-04,0.08557,LIS-SWAT
2016-10-05,0.07872,LIS-SWAT
2016-10-06,0.09292,LIS-SWAT
2016-10-07,0.09725,LIS-SWAT
2016-10-08,0.09422,LIS-SWAT
2016-10-09,0.09095,LIS-SWAT
2016-10-10,0.08918,LIS-SWAT
2016-10-11,0.08696,LIS-SWAT
2016-10-12,0.08427,LIS-SWAT
2016-10-13,0.08144,LIS-SWAT
2016-10-14,0.07786,LIS-SWAT
2016-10-15,0.07536,LIS-SWAT
2016-10-16,0.07403,LIS-SWAT
2016-10-17,0.07255,LIS-SWAT
2016-10-18,0.0704,LIS-SWAT
2016-10-19,0.06803,LIS-SWAT
2016-10-20,0.07133,LIS-SWAT
2016-10-21,0.06894,LIS-SWAT
2016-10-22,0.06607,LIS-SWAT
2016-10-23,0.06389,LIS-SWAT
2016-10-24,0.06424,LIS-SWAT
2016-10-25,0.06487,LIS-SWAT
2016-10-26,0.06505,LIS-SWAT
2016-10-27,0.05922,LIS-SWAT
2016-10-28,0.057,LIS-SWAT
2016-10-29,0.05586,LIS-SWAT
2016-10-30,0.05513,LIS-SWAT
2016-10-31,0.05467,LIS-SWAT
2016-11-01,0.05498,LIS-SWAT
2016-11-02,0.05489,LIS-SWAT
2016-11-03,0.05292,LIS-SWAT
2016-11-04,0.05178,LIS-SWAT
2016-11-05,0.05097,LIS-SWAT
2016-11-06,0.051,LIS-SWAT
2016-11-07,0.05114,LIS-SWAT
2016-11-08,0.0526,LIS-SWAT
2016-11-09,0.1176,LIS-SWAT
2016-11-10,0.1288,LIS-SWAT
2016-11-11,0.142,LIS-SWAT
2016-11-12,0.1554,LIS-SWAT
2016-11-13,0.1664,LIS-SWAT
2016-11-14,0.1759,LIS-SWAT
2016-11-15,0.1832,LIS-SWAT
2016-11-16,0.2882,LIS-SWAT
2016-11-17,0.2873,LIS-SWAT
2016-11-18,0.3413,LIS-SWAT
2016-11-19,0.3624,LIS-SWAT
2016-11-20,0.3623,LIS-SWAT
2016-11-21,0.3609,LIS-SWAT
2016-11-22,0.3551,LIS-SWAT
2016-11-23,0.07091,LIS-SWAT
2016-11-24,0.06795,LIS-SWAT
2016-11-25,0.0694,LIS-SWAT
2016-11-26,0.07238,LIS-SWAT
2016-11-27,0.07512,LIS-SWAT
2016-11-28,0.07524,LIS-SWAT
2016-11-29,0.07731,LIS-SWAT
2016-11-30,0.07844,LIS-SWAT
2016-12-01,0.07999,LIS-SWAT
2016-12-02,0.0841,LIS-SWAT
2016-12-03,0.08887,LIS-SWAT
2016-12-04,0.0946,LIS-SWAT
2016-12-05,0.1016,LIS-SWAT
2016-12-06,0.1102,LIS-SWAT
2016-12-07,0.1208,LIS-SWAT
2016-12-08,0.1329,LIS-SWAT
2016-12-09,0.1472,LIS-SWAT
2016-12-10,0.1631,LIS-SWAT
2016-12-11,0.1794,LIS-SWAT
2016-12-12,0.1954,LIS-SWAT
2016-12-13,0.2101,LIS-SWAT
2016-12-14,0.2228,LIS-SWAT
2016-12-15,0.2328,LIS-SWAT
2016-12-16,0.2397,LIS-SWAT
2016-12-17,0.2405,LIS-SWAT
2016-12-18,0.2376,LIS-SWAT
2016-12-19,0.2004,LIS-SWAT
2016-12-20,0.1948,LIS-SWAT
2016-12-21,0.189,LIS-SWAT
2016-12-22,0.1809,LIS-SWAT
2016-12-23,0.1739,LIS-SWAT
2016-12-24,0.1661,LIS-SWAT
2016-12-25,0.1591,LIS-SWAT
2016-12-26,0.152,LIS-SWAT
2016-12-27,0.1431,LIS-SWAT
2016-12-28,0.1369,LIS-SWAT
2016-12-29,0.133,LIS-SWAT
2016-12-30,0.1297,LIS-SWAT
2016-12-31,0.1254,LIS-SWAT
2017-01-01,0.1196,LIS-SWAT
2017-01-02,0.113,LIS-SWAT
2017-01-03,0.1058,LIS-SWAT
2017-01-04,0.09864,LIS-SWAT
2017-01-05,0.09162,LIS-SWAT
2017-01-06,0.0848,LIS-SWAT
2017-01-07,0.07836,LIS-SWAT
2017-01-08,0.07244,LIS-SWAT
2017-01-09,0.06688,LIS-SWAT
2017-01-10,0.06165,LIS-SWAT
2017-01-11,0.05863,LIS-SWAT
2017-01-12,0.05662,LIS-SWAT
2017-01-13,0.05164,LIS-SWAT
2017-01-14,0.04698,LIS-SWAT
2017-01-15,0.04297,LIS-SWAT
2017-01-16,0.03934,LIS-SWAT
2017-01-17,0.03621,LIS-SWAT
2017-01-18,0.03341,LIS-SWAT
2017-01-19,0.03095,LIS-SWAT
2017-01-20,0.02862,LIS-SWAT
2017-01-21,0.02391,LIS-SWAT
2017-01-22,0.02081,LIS-SWAT
2017-01-23,0.01963,LIS-SWAT
2017-01-24,0.01924,LIS-SWAT
2017-01-25,0.02087,LIS-SWAT
2017-01-26,0.02217,LIS-SWAT
2017-01-27,0.02172,LIS-SWAT
2017-01-28,0.01993,LIS-SWAT
2017-01-29,0.01859,LIS-SWAT
2017-01-30,0.01697,LIS-SWAT
2017-01-31,0.01563,LIS-SWAT
2017-02-01,0.01681,LIS-SWAT
2017-02-02,0.01203,LIS-SWAT
2017-02-03,0.01159,LIS-SWAT
2017-02-04,0.01207,LIS-SWAT
2017-02-05,0.01248,LIS-SWAT
2017-02-06,0.009726,LIS-SWAT
2017-02-07,0.038,LIS-SWAT
2017-02-08,0.04403,LIS-SWAT
2017-02-09,0.05523,LIS-SWAT
2017-02-10,0.06284,LIS-SWAT
2017-02-11,0.0687,LIS-SWAT
2017-02-12,0.07427,LIS-SWAT
2017-02-13,0.07589,LIS-SWAT
2017-02-14,0.07593,LIS-SWAT
2017-02-15,0.07506,LIS-SWAT
2017-02-16,0.07544,LIS-SWAT
2017-02-17,0.07625,LIS-SWAT
2017-02-18,0.07786,LIS-SWAT
2017-02-19,0.07897,LIS-SWAT
2017-02-20,0.07996,LIS-SWAT
2017-02-21,0.07705,LIS-SWAT
2017-02-22,0.07709,LIS-SWAT
2017-02-23,0.07642,LIS-SWAT
2017-02-24,0.07617,LIS-SWAT
2017-02-25,0.0761,LIS-SWAT
2017-02-26,0.07586,LIS-SWAT
2017-02-27,0.07562,LIS-SWAT
2017-02-28,0.07511,LIS-SWAT
2017-03-01,0.07501,LIS-SWAT
2017-03-02,0.07479,LIS-SWAT
2017-03-03,0.07443,LIS-SWAT
2017-03-04,0.07424,LIS-SWAT
2017-03-05,0.07447,LIS-SWAT
2017-03-06,0.07462,LIS-SWAT
2017-03-07,0.07529,LIS-SWAT
2017-03-08,0.08596,LIS-SWAT
2017-03-09,0.09087,LIS-SWAT
2017-03-10,0.1025,LIS-SWAT
2017-03-11,0.1031,LIS-SWAT
2017-03-12,0.09942,LIS-SWAT
2017-03-13,0.09452,LIS-SWAT
2017-03-14,0.09139,LIS-SWAT
2017-03-15,0.08869,LIS-SWAT
2017-03-16,0.08643,LIS-SWAT
2017-03-17,0.08421,LIS-SWAT
2017-03-18,0.08194,LIS-SWAT
2017-03-19,0.07954,LIS-SWAT
2017-03-20,0.07761,LIS-SWAT
2017-03-21,0.07562,LIS-SWAT
2017-03-22,0.07305,LIS-SWAT
2017-03-23,0.07132,LIS-SWAT
2017-03-24,0.06992,LIS-SWAT
2017-03-25,0.07228,LIS-SWAT
2017-03-26,0.07313,LIS-SWAT
2017-03-27,0.07187,LIS-SWAT
2017-03-28,0.07084,LIS-SWAT
2017-03-29,0.07004,LIS-SWAT
2017-03-30,0.07306,LIS-SWAT
2017-03-31,0.07296,LIS-SWAT
2017-04-01,0.07162,LIS-SWAT
2017-04-02,0.07041,LIS-SWAT
2017-04-03,0.06932,LIS-SWAT
2017-04-04,0.06791,LIS-SWAT
2017-04-05,0.0669,LIS-SWAT
2017-04-06,0.06521,LIS-SWAT
2017-04-07,0.06367,LIS-SWAT
2017-04-08,0.0625,LIS-SWAT
2017-04-09,0.06153,LIS-SWAT
2017-04-10,0.06054,LIS-SWAT
2017-04-11,0.06015,LIS-SWAT
2017-04-12,0.05921,LIS-SWAT
2017-04-13,0.06202,LIS-SWAT
2017-04-14,0.06189,LIS-SWAT
2017-04-15,0.05874,LIS-SWAT
2017-04-16,0.05632,LIS-SWAT
2017-04-17,0.05795,LIS-SWAT
2017-04-18,0.05778,LIS-SWAT
2017-04-19,0.06579,LIS-SWAT
2017-04-20,0.08377,LIS-SWAT
2017-04-21,0.09815,LIS-SWAT
2017-04-22,0.1009,LIS-SWAT
2017-04-23,0.1022,LIS-SWAT
2017-04-24,0.1034,LIS-SWAT
2017-04-25,0.104,LIS-SWAT
2017-04-26,0.1052,LIS-SWAT
2017-04-27,0.1066,LIS-SWAT
2017-04-28,0.1069,LIS-SWAT
2017-04-29,0.1163,LIS-SWAT
2017-04-30,0.1351,LIS-SWAT
2017-05-01,0.1691,LIS-SWAT
2017-05-02,0.1969,LIS-SWAT
2017-05-03,0.2037,LIS-SWAT
2017-05-04,0.2072,LIS-SWAT
2017-05-05,0.2097,LIS-SWAT
2017-05-06,0.2118,LIS-SWAT
2017-05-07,0.2132,LIS-SWAT
2017-05-08,0.2138,LIS-SWAT
2017-05-09,0.2273,LIS-SWAT
2017-05-10,0.2344,LIS-SWAT
2017-05-11,0.2881,LIS-SWAT
2017-05-12,0.3073,LIS-SWAT
2017-05-13,0.3196,LIS-SWAT
2017-05-14,0.3242,LIS-SWAT
2017-05-15,0.3297,LIS-SWAT
2017-05-16,0.3326,LIS-SWAT
2017-05-17,0.3198,LIS-SWAT
2017-05-18,0.5397,LIS-SWAT
2017-05-19,0.5293,LIS-SWAT
2017-05-20,0.5401,LIS-SWAT
2017-05-21,0.5545,LIS-SWAT
2017-05-22,0.5446,LIS-SWAT
2017-05-23,0.5323,LIS-SWAT
2017-05-24,0.5142,LIS-SWAT
2017-05-25,0.4932,LIS-SWAT
2017-05-26,0.4741,LIS-SWAT
2017-05-27,0.459,LIS-SWAT
2017-05-28,0.4408,LIS-SWAT
2017-05-29,0.4296,LIS-SWAT
2017-05-30,0.4072,LIS-SWAT
2017-05-31,0.3958,LIS-SWAT
2017-06-01,0.3878,LIS-SWAT
2017-06-02,0.3807,LIS-SWAT
2017-06-03,0.3726,LIS-SWAT
2017-06-04,0.3631,LIS-SWAT
2017-06-05,0.352,LIS-SWAT
2017-06-06,0.339,LIS-SWAT
2017-06-07,0.3243,LIS-SWAT
2017-06-08,0.3077,LIS-SWAT
2017-06-09,0.2896,LIS-SWAT
2017-06-10,0.2702,LIS-SWAT
2017-06-11,0.2499,LIS-SWAT
2017-06-12,0.2295,LIS-SWAT
2017-06-13,0.2093,LIS-SWAT
2017-06-14,0.1907,LIS-SWAT
2017-06-15,0.1698,LIS-SWAT
2017-06-16,0.156,LIS-SWAT
2017-06-17,0.1244,LIS-SWAT
2017-06-18,0.09784,LIS-SWAT
2017-06-19,0.09079,LIS-SWAT
2017-06-20,0.0845,LIS-SWAT
2017-06-21,0.07925,LIS-SWAT
2017-06-22,0.06454,LIS-SWAT
2017-06-23,0.05549,LIS-SWAT
2017-06-24,0.0524,LIS-SWAT
2017-06-25,0.04986,LIS-SWAT
2017-06-26,0.04765,LIS-SWAT
2017-06-27,0.04552,LIS-SWAT
2017-06-28,0.04363,LIS-SWAT
2017-06-29,0.04146,LIS-SWAT
2017-06-30,0.03826,LIS-SWAT
2017-07-01,0.02248,LIS-SWAT
2017-07-02,0.02032,LIS-SWAT
2017-07-03,0.01964,LIS-SWAT
2017-07-04,0.01899,LIS-SWAT
2017-07-05,0.01843,LIS-SWAT
2017-07-06,0.01817,LIS-SWAT
2017-07-07,0.01754,LIS-SWAT
2017-07-08,0.017,LIS-SWAT
2017-07-09,0.01643,LIS-SWAT
2017-07-10,0.01586,LIS-SWAT
2017-07-11,0.1468,LIS-SWAT
2017-07-12,0.1409,LIS-SWAT
2017-07-13,0.1288,LIS-SWAT
2017-07-14,0.1181,LIS-SWAT
2017-07-15,0.1058,LIS-SWAT
2017-07-16,0.09465,LIS-SWAT
2017-07-17,0.08457,LIS-SWAT
2017-07-18,0.07565,LIS-SWAT
2017-07-19,0.06783,LIS-SWAT
2017-07-20,0.06111,LIS-SWAT
2017-07-21,0.05195,LIS-SWAT
2017-07-22,0.05162,LIS-SWAT
2017-07-23,0.03132,LIS-SWAT
2017-07-24,0.0294,LIS-SWAT
2017-07-25,0.02763,LIS-SWAT
2017-07-26,0.02593,LIS-SWAT
2017-07-27,0.02423,LIS-SWAT
2017-07-28,0.02326,LIS-SWAT
2017-07-29,0.02186,LIS-SWAT
2017-07-30,0.02059,LIS-SWAT
2017-07-31,0.01936,LIS-SWAT
2017-08-01,0.01816,LIS-SWAT
2017-08-02,0.01702,LIS-SWAT
2017-08-03,0.0158,LIS-SWAT
2017-08-04,0.007596,LIS-SWAT
2017-08-05,0.007535,LIS-SWAT
2017-08-06,0.007255,LIS-SWAT
2017-08-07,0.007124,LIS-SWAT
2017-08-08,0.006995,LIS-SWAT
2017-08-09,0.006894,LIS-SWAT
2017-08-10,0.006819,LIS-SWAT
2017-08-11,0.006733,LIS-SWAT
2017-08-12,0.006602,LIS-SWAT
2017-08-13,0.006444,LIS-SWAT
2017-08-14,0.006241,LIS-SWAT
2017-08-15,0.006078,LIS-SWAT
2017-08-16,0.004852,LIS-SWAT
2017-08-17,0.003765,LIS-SWAT
2017-08-18,0.003722,LIS-SWAT
2017-08-19,0.003759,LIS-SWAT
2017-08-20,0.00272,LIS-SWAT
2017-08-21,0.002939,LIS-SWAT
2017-08-22,0.0003962,LIS-SWAT
2017-08-23,0.0003687,LIS-SWAT
2017-08-24,0.0003907,LIS-SWAT
2017-08-25,0.0004563,LIS-SWAT
2017-08-26,0.0005547,LIS-SWAT
2017-08-27,0.000689,LIS-SWAT
2017-08-28,0.0008922,LIS-SWAT
2017-08-29,0.0009939,LIS-SWAT
2017-08-30,0.001095,LIS-SWAT
2017-08-31,0.001248,LIS-SWAT
2017-09-01,0.001428,LIS-SWAT
2017-09-02,0.001676,LIS-SWAT
2017-09-03,0.01539,LIS-SWAT
2017-09-04,0.01934,LIS-SWAT
2017-09-05,0.02377,LIS-SWAT
2017-09-06,0.02854,LIS-SWAT
2017-09-07,0.03346,LIS-SWAT
2017-09-08,0.06253,LIS-SWAT
2017-09-09,0.06944,LIS-SWAT
2017-09-10,0.07531,LIS-SWAT
2017-09-11,0.156,LIS-SWAT
2017-09-12,0.1628,LIS-SWAT
2017-09-13,0.1655,LIS-SWAT
2017-09-14,0.1674,LIS-SWAT
2017-09-15,0.1665,LIS-SWAT
2017-09-16,0.2448,LIS-SWAT
2017-09-17,0.1567,LIS-SWAT
2017-09-18,0.01989,LIS-SWAT
2017-09-19,0.01606,LIS-SWAT
2017-09-20,0.01544,LIS-SWAT
2017-09-21,0.01583,LIS-SWAT
2017-09-22,0.01722,LIS-SWAT
2017-09-23,0.01841,LIS-SWAT
2017-09-24,0.02037,LIS-SWAT
2017-09-25,0.02285,LIS-SWAT
2017-09-26,0.02001,LIS-SWAT
2017-09-27,0.02141,LIS-SWAT
2017-09-28,0.02183,LIS-SWAT
2017-09-29,0.02245,LIS-SWAT
2017-09-30,0.02368,LIS-SWAT
2017-10-01,0.02503,LIS-SWAT
2017-10-02,0.03305,LIS-SWAT
2017-10-03,0.04728,LIS-SWAT
2017-10-04,0.05278,LIS-SWAT
2017-10-05,0.05467,LIS-SWAT
2017-10-06,0.05568,LIS-SWAT
2017-10-07,0.05665,LIS-SWAT
2017-10-08,0.07379,LIS-SWAT
2017-10-09,0.0808,LIS-SWAT
2017-10-10,0.08283,LIS-SWAT
2017-10-11,0.08699,LIS-SWAT
2017-10-12,0.08829,LIS-SWAT
2017-10-13,0.08534,LIS-SWAT
2017-10-14,0.1077,LIS-SWAT
2017-10-15,0.1266,LIS-SWAT
2017-10-16,0.1431,LIS-SWAT
2017-10-17,0.1566,LIS-SWAT
2017-10-18,0.1706,LIS-SWAT
2017-10-19,0.1602,LIS-SWAT
2017-10-20,0.1509,LIS-SWAT
2017-10-21,0.1425,LIS-SWAT
2017-10-22,0.1412,LIS-SWAT
2017-10-23,0.1351,LIS-SWAT
2017-10-24,0.1271,LIS-SWAT
2017-10-25,0.1199,LIS-SWAT
2017-10-26,0.1139,LIS-SWAT
2017-10-27,0.1085,LIS-SWAT
2017-10-28,0.1037,LIS-SWAT
2017-10-29,0.09946,LIS-SWAT
2017-10-30,0.09533,LIS-SWAT
2017-10-31,0.09127,LIS-SWAT
2017-11-01,0.088,LIS-SWAT
2017-11-02,0.0847,LIS-SWAT
2017-11-03,0.08194,LIS-SWAT
2017-11-04,0.07941,LIS-SWAT
2017-11-05,0.07718,LIS-SWAT
2017-11-06,0.07523,LIS-SWAT
2017-11-07,0.07347,LIS-SWAT
2017-11-08,0.07185,LIS-SWAT
2017-11-09,0.07036,LIS-SWAT
2017-11-10,0.06905,LIS-SWAT
2017-11-11,0.07951,LIS-SWAT
2017-11-12,0.07534,LIS-SWAT
2017-11-13,0.07315,LIS-SWAT
2017-11-14,0.07168,LIS-SWAT
2017-11-15,0.07053,LIS-SWAT
2017-11-16,0.07302,LIS-SWAT
2017-11-17,0.07334,LIS-SWAT
2017-11-18,0.07517,LIS-SWAT
2017-11-19,0.1039,LIS-SWAT
2017-11-20,0.1116,LIS-SWAT
2017-11-21,0.1206,LIS-SWAT
2017-11-22,0.14,LIS-SWAT
2017-11-23,0.1515,LIS-SWAT
2017-11-24,0.1635,LIS-SWAT
2017-11-25,0.1766,LIS-SWAT
2017-11-26,0.1859,LIS-SWAT
2017-11-27,0.1933,LIS-SWAT
2017-11-28,0.1978,LIS-SWAT
2017-11-29,0.1997,LIS-SWAT
2017-11-30,0.1995,LIS-SWAT
2017-12-01,0.1977,LIS-SWAT
2017-12-02,0.1945,LIS-SWAT
2017-12-03,0.2781,LIS-SWAT
2017-12-04,0.2832,LIS-SWAT
2017-12-05,0.2751,LIS-SWAT
2017-12-06,0.2638,LIS-SWAT
2017-12-07,0.2652,LIS-SWAT
2017-12-08,0.2536,LIS-SWAT
2017-12-09,0.243,LIS-SWAT
2017-12-10,0.2308,LIS-SWAT
2017-12-11,0.2942,LIS-SWAT
2017-12-12,0.28,LIS-SWAT
2017-12-13,0.266,LIS-SWAT
2017-12-14,0.2526,LIS-SWAT
2017-12-15,0.2391,LIS-SWAT
2017-12-16,0.2261,LIS-SWAT
2017-12-17,0.2138,LIS-SWAT
2017-12-18,0.2021,LIS-SWAT
2017-12-19,0.1909,LIS-SWAT
2017-12-20,0.1801,LIS-SWAT
2017-12-21,0.1697,LIS-SWAT
2017-12-22,0.1599,LIS-SWAT
2017-12-23,,LIS-SWAT
2017-12-24,,LIS-SWAT
2017-12-25,,LIS-SWAT
2017-12-26,,LIS-SWAT
2017-12-27,,LIS-SWAT
2017-12-28,,LIS-SWAT
2017-12-29,,LIS-SWAT
2017-12-30,,LIS-SWAT
2017-12-31,,LIS-SWAT
2016-01-01,0.09083,SWAT
2016-01-02,0.08628,SWAT
2016-01-03,0.08241,SWAT
2016-01-04,0.07885,SWAT
2016-01-05,0.07556,SWAT
2016-01-06,0.07223,SWAT
2016-01-07,0.06953,SWAT
2016-01-08,0.06928,SWAT
2016-01-09,0.0687,SWAT
2016-01-10,0.06795,SWAT
2016-01-11,0.06702,SWAT
2016-01-12,0.06614,SWAT
2016-01-13,0.06475,SWAT
2016-01-14,0.06343,SWAT
2016-01-15,0.06204,SWAT
2016-01-16,0.06051,SWAT
2016-01-17,0.05892,SWAT
2016-01-18,0.05784,SWAT
2016-01-19,0.05571,SWAT
2016-01-20,0.05397,SWAT
2016-01-21,0.05224,SWAT
2016-01-22,0.0504,SWAT
2016-01-23,0.047,SWAT
2016-01-24,0.04349,SWAT
2016-01-25,0.02739,SWAT
2016-01-26,0.02672,SWAT
2016-01-27,0.02577,SWAT
2016-01-28,0.02493,SWAT
2016-01-29,0.02408,SWAT
2016-01-30,0.02327,SWAT
2016-01-31,0.02242,SWAT
2016-02-01,0.0216,SWAT
2016-02-02,0.0208,SWAT
2016-02-03,0.02005,SWAT
2016-02-04,0.01929,SWAT
2016-02-05,0.01853,SWAT
2016-02-06,0.01782,SWAT
2016-02-07,0.0171,SWAT
2016-02-08,0.01006,SWAT
2016-02-09,0.00187,SWAT
2016-02-10,0.002187,SWAT
2016-02-11,0.001432,SWAT
2016-02-12,0.001096,SWAT
2016-02-13,0.06857,SWAT
2016-02-14,0.09429,SWAT
2016-02-15,0.08398,SWAT
2016-02-16,0.06077,SWAT
2016-02-17,0.04258,SWAT
2016-02-18,0.03594,SWAT
2016-02-19,0.03228,SWAT
2016-02-20,0.02854,SWAT
2016-02-21,0.0249,SWAT
2016-02-22,0.02153,SWAT
2016-02-23,0.01845,SWAT
2016-02-24,0.01576,SWAT
2016-02-25,0.01344,SWAT
2016-02-26,0.0115,SWAT
2016-02-27,0.009889,SWAT
2016-02-28,0.008544,SWAT
2016-02-29,0.007471,SWAT
2016-03-01,0.006647,SWAT
2016-03-02,0.005995,SWAT
2016-03-03,0.005455,SWAT
2016-03-04,0.005026,SWAT
2016-03-05,0.1336,SWAT
2016-03-06,0.1278,SWAT
2016-03-07,0.1187,SWAT
2016-03-08,0.1096,SWAT
2016-03-09,0.1076,SWAT
2016-03-10,0.1055,SWAT
2016-03-11,0.1031,SWAT
2016-03-12,0.1003,SWAT
2016-03-13,0.09722,SWAT
2016-03-14,0.09384,SWAT
2016-03-15,0.09057,SWAT
2016-03-16,0.09413,SWAT
2016-03-17,0.0908,SWAT
2016-03-18,0.08824,SWAT
2016-03-19,0.08614,SWAT
2016-03-20,0.08386,SWAT
2016-03-21,0.08177,SWAT
2016-03-22,0.0801,SWAT
2016-03-23,0.06545,SWAT
2016-03-24,0.05192,SWAT
2016-03-25,0.05092,SWAT
2016-03-26,0.05007,SWAT
2016-03-27,0.04936,SWAT
2016-03-28,0.04903,SWAT
2016-03-29,0.05162,SWAT
2016-03-30,0.05091,SWAT
2016-03-31,0.05003,SWAT
2016-04-01,0.04934,SWAT
2016-04-02,0.04851,SWAT
2016-04-03,0.04768,SWAT
2016-04-04,0.04708,SWAT
2016-04-05,0.0461,SWAT
2016-04-06,0.04502,SWAT
2016-04-07,0.04411,SWAT
2016-04-08,0.04311,SWAT
2016-04-09,0.04211,SWAT
2016-04-10,0.04117,SWAT
2016-04-11,0.09552,SWAT
2016-04-12,0.0859,SWAT
2016-04-13,0.02797,SWAT
2016-04-14,0.02858,SWAT
2016-04-15,0.02952,SWAT
2016-04-16,0.03034,SWAT
2016-04-17,0.03218,SWAT
2016-04-18,0.03286,SWAT
2016-04-19,0.03345,SWAT
2016-04-20,0.02028,SWAT
2016-04-21,0.02125,SWAT
2016-04-22,0.02339,SWAT
2016-04-23,0.01771,SWAT
2016-04-24,0.01832,SWAT
2016-04-25,0.01857,SWAT
2016-04-26,0.01912,SWAT
2016-04-27,0.02009,SWAT
2016-04-28,0.02122,SWAT
2016-04-29,0.02216,SWAT
2016-04-30,0.02311,SWAT
2016-05-01,0.02177,SWAT
2016-05-02,0.01947,SWAT
2016-05-03,0.01927,SWAT
2016-05-04,0.02066,SWAT
2016-05-05,0.02087,SWAT
2016-05-06,0.02176,SWAT
2016-05-07,0.0216,SWAT
2016-05-08,0.02158,SWAT
2016-05-09,0.0215,SWAT
2016-05-10,0.02147,SWAT
2016-05-11,0.02104,SWAT
2016-05-12,0.02058,SWAT
2016-05-13,0.02022,SWAT
2016-05-14,0.01968,SWAT
2016-05-15,0.01912,SWAT
2016-05-16,0.01478,SWAT
2016-05-17,0.0153,SWAT
2016-05-18,0.01359,SWAT
2016-05-19,0.01362,SWAT
2016-05-20,0.01407,SWAT
2016-05-21,0.01395,SWAT
2016-05-22,0.01349,SWAT
2016-05-23,0.01326,SWAT
2016-05-24,0.01371,SWAT
2016-05-25,0.0133,SWAT
2016-05-26,0.0129,SWAT
2016-05-27,0.01279,SWAT
2016-05-28,0.01231,SWAT
2016-05-29,0.01188,SWAT
2016-05-30,0.01164,SWAT
2016-05-31,0.01126,SWAT
2016-06-01,0.01074,SWAT
2016-06-02,0.01023,SWAT
2016-06-03,0.08709,SWAT
2016-06-04,0.06846,SWAT
2016-06-05,0.05482,SWAT
2016-06-06,0.4478,SWAT
2016-06-07,0.3713,SWAT
2016-06-08,0.3518,SWAT
2016-06-09,0.3357,SWAT
2016-06-10,0.3211,SWAT
2016-06-11,0.3077,SWAT
2016-06-12,0.2942,SWAT
2016-06-13,0.2832,SWAT
2016-06-14,0.2709,SWAT
2016-06-15,0.2603,SWAT
2016-06-16,0.2505,SWAT
2016-06-17,0.2386,SWAT
2016-06-18,0.2169,SWAT
2016-06-19,0.2109,SWAT
2016-06-20,0.2041,SWAT
2016-06-21,0.1975,SWAT
2016-06-22,0.09406,SWAT
2016-06-23,0.0922,SWAT
2016-06-24,0.0903,SWAT
2016-06-25,0.08837,SWAT
2016-06-26,0.08573,SWAT
2016-06-27,0.08303,SWAT
2016-06-28,0.07228,SWAT
2016-06-29,0.02499,SWAT
2016-06-30,0.02615,SWAT
2016-07-01,0.02696,SWAT
2016-07-02,0.02738,SWAT
2016-07-03,0.02744,SWAT
2016-07-04,0.01141,SWAT
2016-07-05,0.01261,SWAT
2016-07-06,0.01327,SWAT
2016-07-07,0.01403,SWAT
2016-07-08,0.01459,SWAT
2016-07-09,0.01266,SWAT
2016-07-10,0.006661,SWAT
2016-07-11,0.006016,SWAT
2016-07-12,0.003739,SWAT
2016-07-13,0.003946,SWAT
2016-07-14,0.004212,SWAT
2016-07-15,0.004497,SWAT
2016-07-16,0.004713,SWAT
2016-07-17,0.004974,SWAT
2016-07-18,0.005172,SWAT
2016-07-19,0.005397,SWAT
2016-07-20,0.005575,SWAT
2016-07-21,0.00573,SWAT
2016-07-22,0.005831,SWAT
2016-07-23,0.005894,SWAT
2016-07-24,0.004332,SWAT
2016-07-25,0.003559,SWAT
2016-07-26,0.003646,SWAT
2016-07-27,0.003731,SWAT
2016-07-28,0.003821,SWAT
2016-07-29,0.003894,SWAT
2016-07-30,0.003946,SWAT
2016-07-31,0.003987,SWAT
2016-08-01,0.004004,SWAT
2016-08-02,0.004004,SWAT
2016-08-03,0.003892,SWAT
2016-08-04,0.002134,SWAT
2016-08-05,0.002034,SWAT
2016-08-06,0.002041,SWAT
2016-08-07,0.002062,SWAT
2016-08-08,0.002116,SWAT
2016-08-09,0.002127,SWAT
2016-08-10,0.002137,SWAT
2016-08-11,0.002149,SWAT
2016-08-12,0.00407,SWAT
2016-08-13,0.00409,SWAT
2016-08-14,0.00408,SWAT
2016-08-15,0.004054,SWAT
2016-08-16,0.004104,SWAT
2016-08-17,0.004127,SWAT
2016-08-18,0.004159,SWAT
2016-08-19,0.004191,SWAT
2016-08-20,0.004152,SWAT
2016-08-21,0.004138,SWAT
2016-08-22,0.004334,SWAT
2016-08-23,0.004307,SWAT
2016-08-24,0.004283,SWAT
2016-08-25,0.004239,SWAT
2016-08-26,0.004188,SWAT
2016-08-27,0.004126,SWAT
2016-08-28,0.004071,SWAT
2016-08-29,0.003975,SWAT
2016-08-30,0.003904,SWAT
2016-08-31,0.01213,SWAT
2016-09-01,0.01197,SWAT
2016-09-02,0.02367,SWAT
2016-09-03,0.02441,SWAT
2016-09-04,0.0249,SWAT
2016-09-05,0.02741,SWAT
2016-09-06,0.02783,SWAT
2016-09-07,0.02773,SWAT
2016-09-08,0.03018,SWAT
2016-09-09,0.03006,SWAT
2016-09-10,0.0304,SWAT
2016-09-11,0.03058,SWAT
2016-09-12,0.03056,SWAT
2016-09-13,0.03043,SWAT
2016-09-14,0.0304,SWAT
2016-09-15,0.03092,SWAT
2016-09-16,0.03303,SWAT
2016-09-17,0.08064,SWAT
2016-09-18,0.07552,SWAT
2016-09-19,0.07069,SWAT
2016-09-20,0.0687,SWAT
2016-09-21,0.06915,SWAT
2016-09-22,0.06912,SWAT
2016-09-23,0.06863,SWAT
2016-09-24,0.06772,SWAT
2016-09-25,0.06646,SWAT
2016-09-26,0.06486,SWAT
2016-09-27,0.1485,SWAT
2016-09-28,0.1485,SWAT
2016-09-29,0.1627,SWAT
2016-09-30,0.1571,SWAT
2016-10-01,0.1542,SWAT
2016-10-02,0.1508,SWAT
2016-10-03,0.1532,SWAT
2016-10-04,0.1472,SWAT
2016-10-05,0.1438,SWAT
2016-10-06,0.1372,SWAT
2016-10-07,0.1316,SWAT
2016-10-08,0.1267,SWAT
2016-10-09,0.1204,SWAT
2016-10-10,0.1164,SWAT
2016-10-11,0.1122,SWAT
2016-10-12,0.1079,SWAT
2016-10-13,0.1038,SWAT
2016-10-14,0.1021,SWAT
2016-10-15,0.1009,SWAT
2016-10-16,0.09988,SWAT
2016-10-17,0.09869,SWAT
2016-10-18,0.09685,SWAT
2016-10-19,0.09514,SWAT
2016-10-20,0.09289,SWAT
2016-10-21,0.09021,SWAT
2016-10-22,0.08834,SWAT
2016-10-23,0.08623,SWAT
2016-10-24,0.08346,SWAT
2016-10-25,0.08826,SWAT
2016-10-26,0.08428,SWAT
2016-10-27,0.0804,SWAT
2016-10-28,0.07677,SWAT
2016-10-29,0.07355,SWAT
2016-10-30,0.07059,SWAT
2016-10-31,0.0677,SWAT
2016-11-01,0.06514,SWAT
2016-11-02,0.06231,SWAT
2016-11-03,0.05962,SWAT
2016-11-04,0.05735,SWAT
2016-11-05,0.05488,SWAT
2016-11-06,0.05234,SWAT
2016-11-07,0.05017,SWAT
2016-11-08,0.04784,SWAT
2016-11-09,0.04559,SWAT
2016-11-10,0.04356,SWAT
2016-11-11,0.04185,SWAT
2016-11-12,0.04005,SWAT
2016-11-13,0.03813,SWAT
2016-11-14,0.03652,SWAT
2016-11-15,0.1958,SWAT
2016-11-16,0.1889,SWAT
2016-11-17,0.1834,SWAT
2016-11-18,0.1782,SWAT
2016-11-19,0.1735,SWAT
2016-11-20,0.1589,SWAT
2016-11-21,0.1574,SWAT
2016-11-22,0.1565,SWAT
2016-11-23,0.1548,SWAT
2016-11-24,0.1525,SWAT
2016-11-25,0.1499,SWAT
2016-11-26,0.1372,SWAT
2016-11-27,0.1373,SWAT
2016-11-28,0.1366,SWAT
2016-11-29,0.1356,SWAT
2016-11-30,0.1337,SWAT
2016-12-01,0.1312,SWAT
2016-12-02,0.1284,SWAT
2016-12-03,0.1256,SWAT
2016-12-04,0.1221,SWAT
2016-12-05,0.1187,SWAT
2016-12-06,0.1152,SWAT
2016-12-07,0.1117,SWAT
2016-12-08,0.1081,SWAT
2016-12-09,0.105,SWAT
2016-12-10,0.101,SWAT
2016-12-11,0.09745,SWAT
2016-12-12,0.09392,SWAT
2016-12-13,0.09022,SWAT
2016-12-14,0.08674,SWAT
2016-12-15,0.08343,SWAT
2016-12-16,0.07018,SWAT
2016-12-17,0.06852,SWAT
2016-12-18,0.01917,SWAT
2016-12-19,0.02153,SWAT
2016-12-20,0.02383,SWAT
2016-12-21,0.02608,SWAT
2016-12-22,0.02832,SWAT
2016-12-23,0.03052,SWAT
2016-12-24,0.03254,SWAT
2016-12-25,0.03466,SWAT
2016-12-26,0.03633,SWAT
2016-12-27,0.03798,SWAT
2016-12-28,0.03945,SWAT
2016-12-29,0.04077,SWAT
2016-12-30,0.04191,SWAT
2016-12-31,0.04287,SWAT
2017-01-01,0.04366,SWAT
2017-01-02,0.04429,SWAT
2017-01-03,0.04472,SWAT
2017-01-04,0.045,SWAT
2017-01-05,0.04515,SWAT
2017-01-06,0.04508,SWAT
2017-01-07,0.02864,SWAT
2017-01-08,0.0301,SWAT
2017-01-09,0.03097,SWAT
2017-01-10,0.03162,SWAT
2017-01-11,0.03196,SWAT
2017-01-12,0.01918,SWAT
2017-01-13,0.01972,SWAT
2017-01-14,0.02017,SWAT
2017-01-15,0.02053,SWAT
2017-01-16,0.01104,SWAT
2017-01-17,0.01123,SWAT
2017-01-18,0.01133,SWAT
2017-01-19,0.01146,SWAT
2017-01-20,0.01155,SWAT
2017-01-21,0.01163,SWAT
2017-01-22,0.01093,SWAT
2017-01-23,0.01104,SWAT
2017-01-24,0.01112,SWAT
2017-01-25,0.01116,SWAT
2017-01-26,0.01115,SWAT
2017-01-27,0.0111,SWAT
2017-01-28,0.01071,SWAT
2017-01-29,0.007283,SWAT
2017-01-30,0.007419,SWAT
2017-01-31,0.007471,SWAT
2017-02-01,0.007471,SWAT
2017-02-02,0.004595,SWAT
2017-02-03,0.003163,SWAT
2017-02-04,0.003025,SWAT
2017-02-05,0.002858,SWAT
2017-02-06,0.002773,SWAT
2017-02-07,0.002956,SWAT
2017-02-08,0.00304,SWAT
2017-02-09,0.003133,SWAT
2017-02-10,0.003207,SWAT
2017-02-11,0.008651,SWAT
2017-02-12,0.009245,SWAT
2017-02-13,0.009077,SWAT
2017-02-14,0.009001,SWAT
2017-02-15,0.01481,SWAT
2017-02-16,0.01474,SWAT
2017-02-17,0.01471,SWAT
2017-02-18,0.01467,SWAT
2017-02-19,0.01458,SWAT
2017-02-20,0.01455,SWAT
2017-02-21,0.01458,SWAT
2017-02-22,0.01455,SWAT
2017-02-23,0.01441,SWAT
2017-02-24,0.01422,SWAT
2017-02-25,0.01404,SWAT
2017-02-26,0.03353,SWAT
2017-02-27,0.03205,SWAT
2017-02-28,0.03063,SWAT
2017-03-01,0.02949,SWAT
2017-03-02,0.02848,SWAT
2017-03-03,0.0274,SWAT
2017-03-04,0.02652,SWAT
2017-03-05,0.02561,SWAT
2017-03-06,0.02478,SWAT
2017-03-07,0.0865,SWAT
2017-03-08,0.09181,SWAT
2017-03-09,0.08855,SWAT
2017-03-10,0.08564,SWAT
2017-03-11,0.08268,SWAT
2017-03-12,0.08039,SWAT
2017-03-13,0.07852,SWAT
2017-03-14,0.07613,SWAT
2017-03-15,0.07383,SWAT
2017-03-16,0.05814,SWAT
2017-03-17,0.04438,SWAT
2017-03-18,0.04439,SWAT
2017-03-19,0.04445,SWAT
2017-03-20,0.04526,SWAT
2017-03-21,0.01148,SWAT
2017-03-22,0.01266,SWAT
2017-03-23,0.01374,SWAT
2017-03-24,0.01474,SWAT
2017-03-25,0.01588,SWAT
2017-03-26,0.0173,SWAT
2017-03-27,0.01824,SWAT
2017-03-28,0.0191,SWAT
2017-03-29,0.01984,SWAT
2017-03-30,0.02043,SWAT
2017-03-31,0.02078,SWAT
2017-04-01,0.02128,SWAT
2017-04-02,0.02184,SWAT
2017-04-03,0.02211,SWAT
2017-04-04,0.0224,SWAT
2017-04-05,0.02232,SWAT
2017-04-06,0.05151,SWAT
2017-04-07,0.03883,SWAT
2017-04-08,0.03991,SWAT
2017-04-09,0.04059,SWAT
2017-04-10,0.04166,SWAT
2017-04-11,0.03294,SWAT
2017-04-12,0.03315,SWAT
2017-04-13,0.0333,SWAT
2017-04-14,0.03339,SWAT
2017-04-15,0.03331,SWAT
2017-04-16,0.03325,SWAT
2017-04-17,0.03356,SWAT
2017-04-18,0.03344,SWAT
2017-04-19,0.03326,SWAT
2017-04-20,0.0476,SWAT
2017-04-21,0.04112,SWAT
2017-04-22,0.01686,SWAT
2017-04-23,0.01727,SWAT
2017-04-24,0.01733,SWAT
2017-04-25,0.0177,SWAT
2017-04-26,0.01796,SWAT
2017-04-27,0.01818,SWAT
2017-04-28,0.01844,SWAT
2017-04-29,0.0203,SWAT
2017-04-30,0.02024,SWAT
2017-05-01,0.01928,SWAT
2017-05-02,0.01397,SWAT
2017-05-03,0.01425,SWAT
2017-05-04,0.01457,SWAT
2017-05-05,0.01475,SWAT
2017-05-06,0.01483,SWAT
2017-05-07,0.01495,SWAT
2017-05-08,0.008763,SWAT
2017-05-09,0.008847,SWAT
2017-05-10,0.009715,SWAT
2017-05-11,0.01032,SWAT
2017-05-12,0.01017,SWAT
2017-05-13,0.009709,SWAT
2017-05-14,0.01021,SWAT
2017-05-15,0.01048,SWAT
2017-05-16,0.01044,SWAT
2017-05-17,0.0104,SWAT
2017-05-18,0.0104,SWAT
2017-05-19,0.0105,SWAT
2017-05-20,0.01018,SWAT
2017-05-21,0.01011,SWAT
2017-05-22,0.00997,SWAT
2017-05-23,0.009698,SWAT
2017-05-24,0.009338,SWAT
2017-05-25,0.009011,SWAT
2017-05-26,0.008692,SWAT
2017-05-27,0.008668,SWAT
2017-05-28,0.008733,SWAT
2017-05-29,0.008783,SWAT
2017-05-30,0.008678,SWAT
2017-05-31,0.00855,SWAT
2017-06-01,0.008359,SWAT
2017-06-02,0.008195,SWAT
2017-06-03,0.008011,SWAT
2017-06-04,0.007967,SWAT
2017-06-05,1.708,SWAT
2017-06-06,1.452,SWAT
2017-06-07,1.4,SWAT
2017-06-08,1.362,SWAT
2017-06-09,1.328,SWAT
2017-06-10,1.293,SWAT
2017-06-11,1.254,SWAT
2017-06-12,1.216,SWAT
2017-06-13,1.178,SWAT
2017-06-14,1.108,SWAT
2017-06-15,1.083,SWAT
2017-06-16,1.055,SWAT
2017-06-17,1.029,SWAT
2017-06-18,0.992,SWAT
2017-06-19,0.9435,SWAT
2017-06-20,0.8691,SWAT
2017-06-21,0.8459,SWAT
2017-06-22,0.8181,SWAT
2017-06-23,0.7869,SWAT
2017-06-24,0.7555,SWAT
2017-06-25,0.7173,SWAT
2017-06-26,0.6845,SWAT
2017-06-27,0.6504,SWAT
2017-06-28,0.6179,SWAT
2017-06-29,0.5883,SWAT
2017-06-30,0.5563,SWAT
2017-07-01,0.5251,SWAT
2017-07-02,0.3,SWAT
2017-07-03,0.2873,SWAT
2017-07-04,0.22,SWAT
2017-07-05,0.2111,SWAT
2017-07-06,0.2021,SWAT
2017-07-07,0.1927,SWAT
2017-07-08,0.184,SWAT
2017-07-09,0.1752,SWAT
2017-07-10,0.1667,SWAT
2017-07-11,0.1581,SWAT
2017-07-12,0.02966,SWAT
2017-07-13,0.03027,SWAT
2017-07-14,0.02963,SWAT
2017-07-15,0.0294,SWAT
2017-07-16,0.02894,SWAT
2017-07-17,0.02841,SWAT
2017-07-18,0.02741,SWAT
2017-07-19,0.02682,SWAT
2017-07-20,0.02622,SWAT
2017-07-21,0.02562,SWAT
2017-07-22,0.02497,SWAT
2017-07-23,0.02429,SWAT
2017-07-24,0.02359,SWAT
2017-07-25,0.01,SWAT
2017-07-26,0.009692,SWAT
2017-07-27,0.009454,SWAT
2017-07-28,0.009252,SWAT
2017-07-29,0.009056,SWAT
2017-07-30,0.008876,SWAT
2017-07-31,0.008685,SWAT
2017-08-01,0.008491,SWAT
2017-08-02,0.008309,SWAT
2017-08-03,0.008135,SWAT
2017-08-04,0.007938,SWAT
2017-08-05,0.00774,SWAT
2017-08-06,0.007535,SWAT
2017-08-07,0.007304,SWAT
2017-08-08,0.006138,SWAT
2017-08-09,0.00596,SWAT
2017-08-10,0.005795,SWAT
2017-08-11,0.002693,SWAT
2017-08-12,0.000483,SWAT
2017-08-13,0.0003383,SWAT
2017-08-14,0.0003989,SWAT
2017-08-15,0.0005053,SWAT
2017-08-16,0.0005584,SWAT
2017-08-17,0.0006323,SWAT
2017-08-18,0.000704,SWAT
2017-08-19,0.0007763,SWAT
2017-08-20,0.000844,SWAT
2017-08-21,0.0009006,SWAT
2017-08-22,0.0009543,SWAT
2017-08-23,0.001009,SWAT
2017-08-24,0.001053,SWAT
2017-08-25,0.001092,SWAT
2017-08-26,0.001128,SWAT
2017-08-27,0.001169,SWAT
2017-08-28,0.001202,SWAT
2017-08-29,0.001224,SWAT
2017-08-30,0.001233,SWAT
2017-08-31,0.001239,SWAT
2017-09-01,0.001248,SWAT
2017-09-02,0.001256,SWAT
2017-09-03,0.001259,SWAT
2017-09-04,0.001258,SWAT
2017-09-05,0.001251,SWAT
2017-09-06,0.001239,SWAT
2017-09-07,0.001387,SWAT
2017-09-08,0.00725,SWAT
2017-09-09,0.007392,SWAT
2017-09-10,0.01099,SWAT
2017-09-11,0.01076,SWAT
2017-09-12,0.01075,SWAT
2017-09-13,0.01062,SWAT
2017-09-14,0.01051,SWAT
2017-09-15,0.01036,SWAT
2017-09-16,0.01416,SWAT
2017-09-17,0.03083,SWAT
2017-09-18,0.033,SWAT
2017-09-19,0.03434,SWAT
2017-09-20,0.0352,SWAT
2017-09-21,0.03581,SWAT
2017-09-22,0.036,SWAT
2017-09-23,0.0483,SWAT
2017-09-24,0.04862,SWAT
2017-09-25,0.0512,SWAT
2017-09-26,0.0508,SWAT
2017-09-27,0.05036,SWAT
2017-09-28,0.01112,SWAT
2017-09-29,0.01358,SWAT
2017-09-30,0.01578,SWAT
2017-10-01,0.01993,SWAT
2017-10-02,0.02395,SWAT
2017-10-03,0.02536,SWAT
2017-10-04,0.02696,SWAT
2017-10-05,0.02877,SWAT
2017-10-06,0.04226,SWAT
2017-10-07,0.0415,SWAT
2017-10-08,0.04088,SWAT
2017-10-09,0.0405,SWAT
2017-10-10,0.04011,SWAT
2017-10-11,0.03976,SWAT
2017-10-12,0.0595,SWAT
2017-10-13,0.0743,SWAT
2017-10-14,0.07285,SWAT
2017-10-15,0.07272,SWAT
2017-10-16,0.07246,SWAT
2017-10-17,0.07189,SWAT
2017-10-18,0.0717,SWAT
2017-10-19,0.07137,SWAT
2017-10-20,0.0707,SWAT
2017-10-21,0.07002,SWAT
2017-10-22,0.06926,SWAT
2017-10-23,0.06827,SWAT
2017-10-24,0.06708,SWAT
2017-10-25,0.06594,SWAT
2017-10-26,0.06465,SWAT
2017-10-27,0.06326,SWAT
2017-10-28,0.06207,SWAT
2017-10-29,0.06063,SWAT
2017-10-30,0.05914,SWAT
2017-10-31,0.05755,SWAT
2017-11-01,0.05615,SWAT
2017-11-02,0.05436,SWAT
2017-11-03,0.05259,SWAT
2017-11-04,0.05105,SWAT
2017-11-05,0.04934,SWAT
2017-11-06,0.04785,SWAT
2017-11-07,0.04611,SWAT
2017-11-08,0.04441,SWAT
2017-11-09,0.05382,SWAT
2017-11-10,0.05174,SWAT
2017-11-11,0.04953,SWAT
2017-11-12,0.04742,SWAT
2017-11-13,0.04564,SWAT
2017-11-14,0.04361,SWAT
2017-11-15,0.04144,SWAT
2017-11-16,0.03958,SWAT
2017-11-17,0.03785,SWAT
2017-11-18,0.03609,SWAT
2017-11-19,0.03436,SWAT
2017-11-20,0.03287,SWAT
2017-11-21,0.03131,SWAT
2017-11-22,0.02979,SWAT
2017-11-23,0.02832,SWAT
2017-11-24,0.02692,SWAT
2017-11-25,0.02557,SWAT
2017-11-26,0.02434,SWAT
2017-11-27,0.02318,SWAT
2017-11-28,0.02204,SWAT
2017-11-29,0.02092,SWAT
2017-11-30,0.01983,SWAT
2017-12-01,0.01881,SWAT
2017-12-02,0.0178,SWAT
2017-12-03,0.01692,SWAT
2017-12-04,0.016,SWAT
2017-12-05,0.01521,SWAT
2017-12-06,0.01437,SWAT
2017-12-07,0.01357,SWAT
2017-12-08,0.01285,SWAT
2017-12-09,0.01218,SWAT
2017-12-10,0.01151,SWAT
2017-12-11,0.0109,SWAT
2017-12-12,0.01032,SWAT
2017-12-13,0.009824,SWAT
2017-12-14,0.009254,SWAT
2017-12-15,0.008753,SWAT
2017-12-16,0.008273,SWAT
2017-12-17,0.007822,SWAT
2017-12-18,0.0074,SWAT
2017-12-19,0.007017,SWAT
2017-12-20,0.006615,SWAT
2017-12-21,0.006268,SWAT
2017-12-22,0.005927,SWAT
2017-12-23,,SWAT
2017-12-24,,SWAT
2017-12-25,,SWAT
2017-12-26,,SWAT
2017-12-27,,SWAT
2017-12-28,,SWAT
2017-12-29,,SWAT
2017-12-30,,SWAT
2017-12-31,,SWAT