DateTime,Source,Nitrate Load
2016-01-01,LIS-SWAT,1.481
2016-01-01,SWAT,0.6547
2016-01-01,USGS,0.805324723
2016-01-02,LIS-SWAT,1.457
2016-01-02,SWAT,0.6403
2016-01-02,USGS,0.678997598
2016-01-03,LIS-SWAT,1.431
2016-01-03,SWAT,0.6304
2016-01-03,USGS,0.672562043
2016-01-04,LIS-SWAT,1.404
2016-01-04,SWAT,0.6232
2016-01-04,USGS,0.669468966
2016-01-05,LIS-SWAT,1.375
2016-01-05,SWAT,0.6166
2016-01-05,USGS,0.636293578
2016-01-06,LIS-SWAT,1.345
2016-01-06,SWAT,0.612
2016-01-06,USGS,0.609920513
2016-01-07,LIS-SWAT,1.314
2016-01-07,SWAT,0.6098
2016-01-07,USGS,0.609881391
2016-01-08,LIS-SWAT,1.289
2016-01-08,SWAT,0.6054
2016-01-08,USGS,0.633364324
2016-01-09,LIS-SWAT,1.267
2016-01-09,SWAT,0.6027
2016-01-09,USGS,0.657174902
2016-01-10,LIS-SWAT,1.247
2016-01-10,SWAT,0.6001
2016-01-11,LIS-SWAT,1.224
2016-01-11,SWAT,0.5972
2016-01-12,LIS-SWAT,1.202
2016-01-12,SWAT,0.5941
2016-01-13,LIS-SWAT,1.181
2016-01-13,SWAT,0.5902
2016-01-14,LIS-SWAT,1.16
2016-01-14,SWAT,0.5858
2016-01-14,USGS,0.535723347
2016-01-15,LIS-SWAT,1.137
2016-01-15,SWAT,0.5809
2016-01-15,USGS,0.541102611
2016-01-16,LIS-SWAT,1.119
2016-01-16,SWAT,0.5756
2016-01-16,USGS,0.555629069
2016-01-17,LIS-SWAT,1.096
2016-01-17,SWAT,0.5699
2016-01-18,LIS-SWAT,1.078
2016-01-18,SWAT,0.5643
2016-01-19,LIS-SWAT,1.061
2016-01-19,SWAT,0.5569
2016-01-20,LIS-SWAT,1.044
2016-01-20,SWAT,0.5502
2016-01-20,USGS,0.65468088
2016-01-21,LIS-SWAT,1.026
2016-01-21,SWAT,0.5429
2016-01-21,USGS,0.678393654
2016-01-22,LIS-SWAT,1.01
2016-01-22,SWAT,0.5364
2016-01-22,USGS,0.666818456
2016-01-23,LIS-SWAT,0.9908
2016-01-23,SWAT,0.5296
2016-01-23,USGS,0.647389532
2016-01-24,LIS-SWAT,0.9701
2016-01-24,SWAT,0.5215
2016-01-24,USGS,0.629232071
2016-01-25,LIS-SWAT,0.9521
2016-01-25,SWAT,0.5136
2016-01-25,USGS,0.61494279
2016-01-26,LIS-SWAT,0.9376
2016-01-26,SWAT,0.4374
2016-01-26,USGS,0.601973873
2016-01-27,LIS-SWAT,0.9235
2016-01-27,SWAT,0.433
2016-01-27,USGS,0.586004795
2016-01-28,LIS-SWAT,0.9084
2016-01-28,SWAT,0.4301
2016-01-28,USGS,0.572326793
2016-01-29,LIS-SWAT,0.8952
2016-01-29,SWAT,0.4277
2016-01-29,USGS,0.539427704
2016-01-30,LIS-SWAT,0.8826
2016-01-30,SWAT,0.4253
2016-01-30,USGS,0.499063663
2016-01-31,LIS-SWAT,0.8682
2016-01-31,SWAT,0.4221
2016-01-31,USGS,0.473876482
2016-02-01,LIS-SWAT,0.8606
2016-02-01,SWAT,0.4178
2016-02-01,USGS,0.466025201
2016-02-02,LIS-SWAT,0.8497
2016-02-02,SWAT,0.4137
2016-02-02,USGS,0.442437129
2016-02-03,LIS-SWAT,0.8344
2016-02-03,SWAT,0.4095
2016-02-03,USGS,0.465868714
2016-02-04,LIS-SWAT,0.824
2016-02-04,SWAT,0.4045
2016-02-04,USGS,0.470746728
2016-02-05,LIS-SWAT,0.8138
2016-02-05,SWAT,0.3996
2016-02-05,USGS,0.438155724
2016-02-06,LIS-SWAT,0.8034
2016-02-06,SWAT,0.3944
2016-02-06,USGS,0.428788469
2016-02-07,LIS-SWAT,0.7927
2016-02-07,SWAT,0.3886
2016-02-07,USGS,0.411851123
2016-02-08,LIS-SWAT,0.7836
2016-02-08,SWAT,0.3831
2016-02-08,USGS,0.402923989
2016-02-09,LIS-SWAT,0.7773
2016-02-09,SWAT,0.3781
2016-02-09,USGS,0.405513372
2016-02-10,LIS-SWAT,0.7693
2016-02-10,SWAT,0.3731
2016-02-10,USGS,0.402799288
2016-02-11,LIS-SWAT,0.7594
2016-02-11,SWAT,0.3837
2016-02-11,USGS,0.389226427
2016-02-12,LIS-SWAT,0.7494
2016-02-12,SWAT,0.3908
2016-02-12,USGS,0.359608689
2016-02-13,LIS-SWAT,0.7347
2016-02-13,SWAT,0.3969
2016-02-13,USGS,0.329291646
2016-02-14,LIS-SWAT,0.7214
2016-02-14,SWAT,0.4043
2016-02-14,USGS,0.317753124
2016-02-15,LIS-SWAT,0.7075
2016-02-15,SWAT,0.4077
2016-02-15,USGS,0.302762094
2016-02-16,LIS-SWAT,0.6959
2016-02-16,SWAT,0.4263
2016-02-16,USGS,0.30544439
2016-02-17,LIS-SWAT,0.685
2016-02-17,SWAT,0.4295
2016-02-17,USGS,0.317718893
2016-02-18,LIS-SWAT,0.6749
2016-02-18,SWAT,0.4295
2016-02-18,USGS,0.330198785
2016-02-19,LIS-SWAT,0.6647
2016-02-19,SWAT,0.4207
2016-02-19,USGS,0.369291364
2016-02-20,LIS-SWAT,0.654
2016-02-20,SWAT,0.3483
2016-02-20,USGS,0.409313088
2016-02-21,LIS-SWAT,0.6357
2016-02-21,SWAT,0.3299
2016-02-21,USGS,0.442850354
2016-02-22,LIS-SWAT,0.631
2016-02-22,SWAT,0.308
2016-02-22,USGS,0.389341348
2016-02-23,LIS-SWAT,0.6475
2016-02-23,SWAT,0.2984
2016-02-23,USGS,0.363833856
2016-02-24,LIS-SWAT,0.6612
2016-02-24,SWAT,0.2872
2016-02-24,USGS,0.378700186
2016-02-25,LIS-SWAT,0.6711
2016-02-25,SWAT,0.2753
2016-02-25,USGS,0.37909874
2016-02-26,LIS-SWAT,0.6638
2016-02-26,SWAT,0.2567
2016-02-26,USGS,0.407100254
2016-02-27,LIS-SWAT,0.6847
2016-02-27,SWAT,0.2419
2016-02-27,USGS,0.451564762
2016-02-28,LIS-SWAT,0.6482
2016-02-28,SWAT,0.2252
2016-02-28,USGS,0.499391309
2016-02-29,LIS-SWAT,0.575
2016-02-29,SWAT,0.1968
2016-03-01,LIS-SWAT,0.5493
2016-03-01,SWAT,0.3442
2016-03-02,LIS-SWAT,0.5975
2016-03-02,SWAT,0.4972
2016-03-03,LIS-SWAT,0.6314
2016-03-03,SWAT,0.6133
2016-03-04,LIS-SWAT,0.6536
2016-03-04,SWAT,0.5714
2016-03-05,LIS-SWAT,0.6856
2016-03-05,SWAT,0.5195
2016-03-06,LIS-SWAT,0.7378
2016-03-06,SWAT,0.4903
2016-03-07,LIS-SWAT,0.7935
2016-03-07,SWAT,0.5809
2016-03-08,LIS-SWAT,0.8383
2016-03-08,SWAT,0.6625
2016-03-09,LIS-SWAT,0.8632
2016-03-09,SWAT,0.8183
2016-03-10,LIS-SWAT,0.8925
2016-03-10,SWAT,0.6659
2016-03-11,LIS-SWAT,0.9109
2016-03-11,SWAT,0.6104
2016-03-11,USGS,0.468396968
2016-03-12,LIS-SWAT,0.9244
2016-03-12,SWAT,0.6799
2016-03-12,USGS,0.471404465
2016-03-13,LIS-SWAT,0.9342
2016-03-13,SWAT,0.4783
2016-03-13,USGS,0.514179395
2016-03-14,LIS-SWAT,0.9305
2016-03-14,SWAT,0.5606
2016-03-14,USGS,0.564455952
2016-03-15,LIS-SWAT,0.9401
2016-03-15,SWAT,0.3824
2016-03-15,USGS,0.62107026
2016-03-16,LIS-SWAT,0.9299
2016-03-16,SWAT,0.6331
2016-03-16,USGS,0.769894934
2016-03-17,LIS-SWAT,0.8992
2016-03-17,SWAT,0.6214
2016-03-17,USGS,0.880182072
2016-03-18,LIS-SWAT,0.8918
2016-03-18,SWAT,0.8573
2016-03-18,USGS,0.899180654
2016-03-19,LIS-SWAT,0.9142
2016-03-19,SWAT,0.8435
2016-03-19,USGS,0.907814373
2016-03-20,LIS-SWAT,0.921
2016-03-20,SWAT,0.8736
2016-03-20,USGS,0.957081096
2016-03-21,LIS-SWAT,0.9147
2016-03-21,SWAT,0.7363
2016-03-21,USGS,0.970861792
2016-03-22,LIS-SWAT,0.9315
2016-03-22,SWAT,0.8509
2016-03-22,USGS,1.008567988
2016-03-23,LIS-SWAT,0.9771
2016-03-23,SWAT,0.886
2016-03-23,USGS,1.057856717
2016-03-24,LIS-SWAT,1.002
2016-03-24,SWAT,1.179
2016-03-24,USGS,1.124853005
2016-03-25,LIS-SWAT,0.9694
2016-03-25,SWAT,0.9522
2016-03-25,USGS,1.052990928
2016-03-26,LIS-SWAT,0.9396
2016-03-26,SWAT,1.143
2016-03-26,USGS,1.097907782
2016-03-27,LIS-SWAT,0.8949
2016-03-27,SWAT,0.8912
2016-03-27,USGS,1.081672186
2016-03-28,LIS-SWAT,0.8488
2016-03-28,SWAT,1.021
2016-03-28,USGS,1.11680856
2016-03-29,LIS-SWAT,0.8219
2016-03-29,SWAT,0.9024
2016-03-29,USGS,1.172190528
2016-03-30,LIS-SWAT,0.8099
2016-03-30,SWAT,1.102
2016-03-30,USGS,1.177227475
2016-03-31,LIS-SWAT,0.7847
2016-03-31,SWAT,0.8873
2016-03-31,USGS,1.121429837
2016-04-01,LIS-SWAT,0.7583
2016-04-01,SWAT,1.015
2016-04-01,USGS,1.032916493
2016-04-02,LIS-SWAT,0.7573
2016-04-02,SWAT,0.8334
2016-04-02,USGS,0.974355869
2016-04-03,LIS-SWAT,0.7678
2016-04-03,SWAT,0.9629
2016-04-03,USGS,0.962888256
2016-04-04,LIS-SWAT,0.7917
2016-04-04,SWAT,0.8079
2016-04-04,USGS,0.984405312
2016-04-05,LIS-SWAT,0.8111
2016-04-05,SWAT,0.9331
2016-04-05,USGS,0.970125811
2016-04-06,LIS-SWAT,0.8342
2016-04-06,SWAT,0.8117
2016-04-06,USGS,0.960785453
2016-04-07,LIS-SWAT,0.8582
2016-04-07,SWAT,0.8948
2016-04-07,USGS,0.944500954
2016-04-08,LIS-SWAT,0.8678
2016-04-08,SWAT,0.8192
2016-04-08,USGS,0.953009971
2016-04-09,LIS-SWAT,0.8568
2016-04-09,SWAT,0.8605
2016-04-09,USGS,0.94178687
2016-04-10,LIS-SWAT,0.8415
2016-04-10,SWAT,0.829
2016-04-10,USGS,0.91447488
2016-04-11,LIS-SWAT,0.8148
2016-04-11,SWAT,0.9493
2016-04-11,USGS,0.879362957
2016-04-12,LIS-SWAT,0.7918
2016-04-12,SWAT,0.9854
2016-04-12,USGS,0.826059341
2016-04-13,LIS-SWAT,0.7749
2016-04-13,SWAT,1.143
2016-04-13,USGS,0.782369937
2016-04-14,LIS-SWAT,0.7653
2016-04-14,SWAT,1.195
2016-04-15,LIS-SWAT,0.7551
2016-04-15,SWAT,1.303
2016-04-15,USGS,0.731795075
2016-04-16,LIS-SWAT,0.7436
2016-04-16,SWAT,1.355
2016-04-16,USGS,0.717163476
2016-04-17,LIS-SWAT,0.7336
2016-04-17,SWAT,1.659
2016-04-17,USGS,0.719826212
2016-04-18,LIS-SWAT,0.7235
2016-04-18,SWAT,1.218
2016-04-18,USGS,0.675146534
2016-04-19,LIS-SWAT,0.72
2016-04-19,SWAT,1.288
2016-04-19,USGS,0.599907747
2016-04-20,LIS-SWAT,0.6906
2016-04-20,SWAT,1.036
2016-04-20,USGS,0.515421516
2016-04-21,LIS-SWAT,0.68
2016-04-21,SWAT,1.237
2016-04-21,USGS,0.496017043
2016-04-22,LIS-SWAT,0.6734
2016-04-22,SWAT,0.8646
2016-04-22,USGS,0.491799211
2016-04-23,LIS-SWAT,0.6717
2016-04-23,SWAT,1.035
2016-04-23,USGS,0.480280251
2016-04-24,LIS-SWAT,0.6701
2016-04-24,SWAT,0.7581
2016-04-24,USGS,0.458379311
2016-04-25,LIS-SWAT,0.6674
2016-04-25,SWAT,0.9045
2016-04-25,USGS,0.426519397
2016-04-26,LIS-SWAT,0.6728
2016-04-26,SWAT,0.7356
2016-04-26,USGS,0.408623564
2016-04-27,LIS-SWAT,0.6765
2016-04-27,SWAT,0.8492
2016-04-27,USGS,0.397146171
2016-04-28,LIS-SWAT,0.6757
2016-04-28,SWAT,0.7355
2016-04-28,USGS,0.395424806
2016-04-29,LIS-SWAT,0.6817
2016-04-29,SWAT,0.864
2016-04-29,USGS,0.405523152
2016-04-30,LIS-SWAT,0.6738
2016-04-30,SWAT,0.7419
2016-04-30,USGS,0.426252879
2016-05-01,LIS-SWAT,0.7105
2016-05-01,SWAT,0.8116
2016-05-01,USGS,0.477287424
2016-05-02,LIS-SWAT,0.7328
2016-05-02,SWAT,0.8293
2016-05-02,USGS,0.571629934
2016-05-03,LIS-SWAT,0.7814
2016-05-03,SWAT,0.9925
2016-05-03,USGS,0.598624059
2016-05-04,LIS-SWAT,0.8112
2016-05-04,SWAT,0.8923
2016-05-04,USGS,0.602057007
2016-05-05,LIS-SWAT,0.7979
2016-05-05,SWAT,0.9465
2016-05-05,USGS,0.547569953
2016-05-06,LIS-SWAT,0.8199
2016-05-06,SWAT,0.9191
2016-05-06,USGS,0.531361253
2016-05-07,LIS-SWAT,0.8468
2016-05-07,SWAT,0.9261
2016-05-07,USGS,0.549897708
2016-05-08,LIS-SWAT,0.8526
2016-05-08,SWAT,0.9282
2016-05-08,USGS,0.561477796
2016-05-09,LIS-SWAT,0.8647
2016-05-09,SWAT,0.9351
2016-05-09,USGS,0.551501706
2016-05-10,LIS-SWAT,0.8294
2016-05-10,SWAT,0.9281
2016-05-10,USGS,0.540530453
2016-05-11,LIS-SWAT,0.8569
2016-05-11,SWAT,0.9304
2016-05-11,USGS,0.526385434
2016-05-12,LIS-SWAT,0.8747
2016-05-12,SWAT,0.9222
2016-05-12,USGS,0.513020408
2016-05-13,LIS-SWAT,0.8904
2016-05-13,SWAT,0.9244
2016-05-13,USGS,0.520448682
2016-05-14,LIS-SWAT,0.8961
2016-05-14,SWAT,0.9142
2016-05-14,USGS,0.526590824
2016-05-15,LIS-SWAT,0.9198
2016-05-15,SWAT,0.9184
2016-05-15,USGS,0.522262961
2016-05-16,LIS-SWAT,0.9536
2016-05-16,SWAT,0.9081
2016-05-16,USGS,0.514947162
2016-05-17,LIS-SWAT,1.012
2016-05-17,SWAT,0.9097
2016-05-17,USGS,0.518091587
2016-05-18,LIS-SWAT,1.068
2016-05-18,SWAT,0.8941
2016-05-18,USGS,0.528263286
2016-05-19,LIS-SWAT,1.116
2016-05-19,SWAT,0.8228
2016-05-19,USGS,0.527559091
2016-05-20,LIS-SWAT,1.149
2016-05-20,SWAT,0.8832
2016-05-20,USGS,0.52020906
2016-05-21,LIS-SWAT,1.176
2016-05-21,SWAT,0.7812
2016-05-21,USGS,0.52580105
2016-05-22,LIS-SWAT,1.195
2016-05-22,SWAT,0.7629
2016-05-22,USGS,0.517803062
2016-05-23,LIS-SWAT,1.204
2016-05-23,SWAT,0.6803
2016-05-23,USGS,0.481845128
2016-05-24,LIS-SWAT,1.212
2016-05-24,SWAT,0.7663
2016-05-24,USGS,0.436106713
2016-05-25,LIS-SWAT,1.195
2016-05-25,SWAT,0.4805
2016-05-25,USGS,0.423969137
2016-05-26,LIS-SWAT,1.199
2016-05-26,SWAT,0.5727
2016-05-26,USGS,0.411951372
2016-05-27,LIS-SWAT,1.186
2016-05-27,SWAT,0.4731
2016-05-27,USGS,0.379482624
2016-05-28,LIS-SWAT,1.169
2016-05-28,SWAT,0.6188
2016-05-28,USGS,0.367623792
2016-05-29,LIS-SWAT,1.112
2016-05-29,SWAT,0.4604
2016-05-30,LIS-SWAT,1.104
2016-05-30,SWAT,0.4871
2016-05-30,USGS,0.383257889
2016-05-31,LIS-SWAT,1.104
2016-05-31,SWAT,0.3674
2016-05-31,USGS,0.411562598
2016-06-01,LIS-SWAT,1.08
2016-06-01,SWAT,0.7689
2016-06-01,USGS,0.495479117
2016-06-02,LIS-SWAT,1.064
2016-06-02,SWAT,0.6804
2016-06-02,USGS,0.572275446
2016-06-03,LIS-SWAT,1.072
2016-06-03,SWAT,0.6976
2016-06-03,USGS,0.626513098
2016-06-04,LIS-SWAT,1.09
2016-06-04,SWAT,0.5651
2016-06-05,LIS-SWAT,1.055
2016-06-05,SWAT,0.6468
2016-06-06,LIS-SWAT,1.016
2016-06-06,SWAT,0.4599
2016-06-07,LIS-SWAT,0.9992
2016-06-07,SWAT,0.615
2016-06-07,USGS,0.715769758
2016-06-08,LIS-SWAT,0.9964
2016-06-08,SWAT,0.6204
2016-06-08,USGS,0.700834965
2016-06-09,LIS-SWAT,0.9897
2016-06-09,SWAT,1.088
2016-06-09,USGS,0.697754114
2016-06-10,LIS-SWAT,0.9389
2016-06-10,SWAT,1.124
2016-06-10,USGS,0.718212433
2016-06-11,LIS-SWAT,0.889
2016-06-11,SWAT,1.4
2016-06-11,USGS,0.700282368
2016-06-12,LIS-SWAT,0.8452
2016-06-12,SWAT,1.643
2016-06-12,USGS,0.672936146
2016-06-13,LIS-SWAT,0.8054
2016-06-13,SWAT,1.675
2016-06-13,USGS,0.634960987
2016-06-14,LIS-SWAT,0.7723
2016-06-14,SWAT,2.812
2016-06-14,USGS,0.609876501
2016-06-15,LIS-SWAT,0.7678
2016-06-15,SWAT,2.678
2016-06-15,USGS,0.714058174
2016-06-16,LIS-SWAT,0.7346
2016-06-16,SWAT,2.508
2016-06-16,USGS,0.907824154
2016-06-17,LIS-SWAT,0.7284
2016-06-17,SWAT,2.384
2016-06-17,USGS,0.941928687
2016-06-18,LIS-SWAT,0.7419
2016-06-18,SWAT,2.604
2016-06-18,USGS,1.033948333
2016-06-19,LIS-SWAT,0.7436
2016-06-19,SWAT,2.064
2016-06-19,USGS,1.045728922
2016-06-20,LIS-SWAT,0.7603
2016-06-20,SWAT,2.36
2016-06-20,USGS,0.997286204
2016-06-21,LIS-SWAT,0.7826
2016-06-21,SWAT,1.729
2016-06-21,USGS,0.968487581
2016-06-22,LIS-SWAT,0.7828
2016-06-22,SWAT,2.007
2016-06-22,USGS,0.904361864
2016-06-23,LIS-SWAT,0.761
2016-06-23,SWAT,1.823
2016-06-23,USGS,0.856300585
2016-06-24,LIS-SWAT,0.7267
2016-06-24,SWAT,2.058
2016-06-24,USGS,0.789675955
2016-06-25,LIS-SWAT,0.7015
2016-06-25,SWAT,1.845
2016-06-25,USGS,0.717273507
2016-06-26,LIS-SWAT,0.6843
2016-06-26,SWAT,2.04
2016-06-26,USGS,0.658172511
2016-06-27,LIS-SWAT,0.6702
2016-06-27,SWAT,1.794
2016-06-27,USGS,0.650551072
2016-06-28,LIS-SWAT,0.664
2016-06-28,SWAT,2.062
2016-06-28,USGS,0.633542818
2016-06-29,LIS-SWAT,0.6606
2016-06-29,SWAT,1.282
2016-06-29,USGS,0.619652091
2016-06-30,LIS-SWAT,0.6521
2016-06-30,SWAT,1.58
2016-06-30,USGS,0.615529619
2016-07-01,LIS-SWAT,0.64
2016-07-01,SWAT,1.217
2016-07-01,USGS,0.622053199
2016-07-02,LIS-SWAT,0.6326
2016-07-02,SWAT,1.452
2016-07-02,USGS,0.626425073
2016-07-03,LIS-SWAT,0.6277
2016-07-03,SWAT,1.124
2016-07-03,USGS,0.637393882
2016-07-04,LIS-SWAT,0.629
2016-07-04,SWAT,1.43
2016-07-04,USGS,0.646494618
2016-07-05,LIS-SWAT,0.6315
2016-07-05,SWAT,0.7696
2016-07-05,USGS,0.658236084
2016-07-06,LIS-SWAT,0.6308
2016-07-06,SWAT,0.8879
2016-07-06,USGS,0.64724038
2016-07-07,LIS-SWAT,0.616
2016-07-07,SWAT,0.8437
2016-07-07,USGS,0.630474192
2016-07-08,LIS-SWAT,0.5612
2016-07-08,SWAT,0.7871
2016-07-08,USGS,0.5822442
2016-07-09,LIS-SWAT,0.5361
2016-07-09,SWAT,0.6615
2016-07-09,USGS,0.487955483
2016-07-10,LIS-SWAT,0.5138
2016-07-10,SWAT,0.5148
2016-07-10,USGS,0.465355238
2016-07-11,LIS-SWAT,0.4956
2016-07-11,SWAT,0.4338
2016-07-11,USGS,0.463638764
2016-07-12,LIS-SWAT,0.4733
2016-07-12,SWAT,0.3299
2016-07-12,USGS,0.43542697
2016-07-13,LIS-SWAT,0.468
2016-07-13,SWAT,0.2716
2016-07-13,USGS,0.419714628
2016-07-14,LIS-SWAT,0.4661
2016-07-14,SWAT,0.2157
2016-07-14,USGS,0.365164001
2016-07-15,LIS-SWAT,0.4471
2016-07-15,SWAT,0.1776
2016-07-15,USGS,0.357721056
2016-07-16,LIS-SWAT,0.4113
2016-07-16,SWAT,0.1483
2016-07-16,USGS,0.379648892
2016-07-17,LIS-SWAT,0.3764
2016-07-17,SWAT,0.1397
2016-07-18,LIS-SWAT,0.332
2016-07-18,SWAT,0.1393
2016-07-19,LIS-SWAT,0.3177
2016-07-19,SWAT,0.1241
2016-07-20,LIS-SWAT,0.3105
2016-07-20,SWAT,0.1286
2016-07-21,LIS-SWAT,0.3052
2016-07-21,SWAT,0.1179
2016-07-22,LIS-SWAT,0.2814
2016-07-22,SWAT,0.1222
2016-07-23,LIS-SWAT,0.2714
2016-07-23,SWAT,0.1159
2016-07-24,LIS-SWAT,0.2273
2016-07-24,SWAT,0.12
2016-07-25,LIS-SWAT,0.228
2016-07-25,SWAT,0.1162
2016-07-26,LIS-SWAT,0.2374
2016-07-26,SWAT,0.1188
2016-07-27,LIS-SWAT,0.24
2016-07-27,SWAT,0.116
2016-07-28,LIS-SWAT,0.2393
2016-07-28,SWAT,0.166
2016-07-29,LIS-SWAT,0.2362
2016-07-29,SWAT,0.1568
2016-07-30,LIS-SWAT,0.2344
2016-07-30,SWAT,0.1625
2016-07-31,LIS-SWAT,0.2388
2016-07-31,SWAT,0.1596
2016-08-01,LIS-SWAT,0.2443
2016-08-01,SWAT,0.2914
2016-08-02,LIS-SWAT,0.2438
2016-08-02,SWAT,0.3817
2016-08-03,LIS-SWAT,0.2401
2016-08-03,SWAT,0.4303
2016-08-04,LIS-SWAT,0.2368
2016-08-04,SWAT,0.2948
2016-08-05,LIS-SWAT,0.2308
2016-08-05,SWAT,0.2338
2016-08-06,LIS-SWAT,0.219
2016-08-06,SWAT,0.2475
2016-08-07,LIS-SWAT,0.2156
2016-08-07,SWAT,0.1615
2016-08-08,LIS-SWAT,0.2175
2016-08-08,SWAT,0.1365
2016-08-09,LIS-SWAT,0.2203
2016-08-09,SWAT,0.132
2016-08-10,LIS-SWAT,0.2224
2016-08-10,SWAT,0.1167
2016-08-11,LIS-SWAT,0.2242
2016-08-11,SWAT,0.1148
2016-08-12,LIS-SWAT,0.2252
2016-08-12,SWAT,0.08426
2016-08-13,LIS-SWAT,0.2298
2016-08-13,SWAT,0.09589
2016-08-14,LIS-SWAT,0.2288
2016-08-14,SWAT,0.08331
2016-08-15,LIS-SWAT,0.2236
2016-08-15,SWAT,0.0947
2016-08-16,LIS-SWAT,0.2215
2016-08-16,SWAT,0.1332
2016-08-17,LIS-SWAT,0.2192
2016-08-17,SWAT,0.1962
2016-08-18,LIS-SWAT,0.2133
2016-08-18,SWAT,0.1762
2016-08-19,LIS-SWAT,0.2232
2016-08-19,SWAT,0.2153
2016-08-20,LIS-SWAT,0.1993
2016-08-20,SWAT,0.2331
2016-08-21,LIS-SWAT,0.1981
2016-08-21,SWAT,0.1937
2016-08-22,LIS-SWAT,0.1983
2016-08-22,SWAT,0.1408
2016-08-23,LIS-SWAT,0.1984
2016-08-23,SWAT,0.1093
2016-08-24,LIS-SWAT,0.1989
2016-08-24,SWAT,0.09185
2016-08-25,LIS-SWAT,0.1697
2016-08-25,SWAT,0.1038
2016-08-26,LIS-SWAT,0.1749
2016-08-26,SWAT,0.1003
2016-08-27,LIS-SWAT,0.1907
2016-08-27,SWAT,0.1108
2016-08-28,LIS-SWAT,0.2063
2016-08-28,SWAT,0.102
2016-08-29,LIS-SWAT,0.2129
2016-08-29,SWAT,0.107
2016-08-30,LIS-SWAT,0.2149
2016-08-30,SWAT,0.1473
2016-08-31,LIS-SWAT,0.2164
2016-08-31,SWAT,0.2447
2016-09-01,LIS-SWAT,0.2145
2016-09-01,SWAT,0.2657
2016-09-02,LIS-SWAT,0.2105
2016-09-02,SWAT,0.3504
2016-09-03,LIS-SWAT,0.2075
2016-09-03,SWAT,0.3262
2016-09-04,LIS-SWAT,0.2067
2016-09-04,SWAT,0.2845
2016-09-05,LIS-SWAT,0.2085
2016-09-05,SWAT,0.2509
2016-09-06,LIS-SWAT,0.2161
2016-09-06,SWAT,0.2401
2016-09-07,LIS-SWAT,0.2284
2016-09-07,SWAT,0.1999
2016-09-08,LIS-SWAT,0.2249
2016-09-08,SWAT,0.2693
2016-09-09,LIS-SWAT,0.2267
2016-09-09,SWAT,0.2722
2016-09-10,LIS-SWAT,0.2198
2016-09-10,SWAT,0.2664
2016-09-11,LIS-SWAT,0.2218
2016-09-11,SWAT,0.2297
2016-09-12,LIS-SWAT,0.2307
2016-09-12,SWAT,0.2422
2016-09-13,LIS-SWAT,0.2483
2016-09-13,SWAT,0.3518
2016-09-14,LIS-SWAT,0.2582
2016-09-14,SWAT,0.3581
2016-09-15,LIS-SWAT,0.2737
2016-09-15,SWAT,0.4577
2016-09-16,LIS-SWAT,0.2818
2016-09-16,SWAT,0.5646
2016-09-17,LIS-SWAT,0.275
2016-09-17,SWAT,0.3276
2016-09-18,LIS-SWAT,0.2732
2016-09-18,SWAT,0.3425
2016-09-19,LIS-SWAT,0.2761
2016-09-19,SWAT,0.2548
2016-09-20,LIS-SWAT,0.2765
2016-09-20,SWAT,0.3293
2016-09-21,LIS-SWAT,0.2793
2016-09-21,SWAT,0.2314
2016-09-22,LIS-SWAT,0.2565
2016-09-22,SWAT,0.3135
2016-09-23,LIS-SWAT,0.2533
2016-09-23,SWAT,0.2346
2016-09-24,LIS-SWAT,0.2912
2016-09-24,SWAT,0.3028
2016-09-25,LIS-SWAT,0.368
2016-09-25,SWAT,0.2308
2016-09-26,LIS-SWAT,0.433
2016-09-26,SWAT,0.2962
2016-09-27,LIS-SWAT,0.4771
2016-09-27,SWAT,0.2465
2016-09-28,LIS-SWAT,0.5261
2016-09-28,SWAT,0.3046
2016-09-29,LIS-SWAT,0.5953
2016-09-29,SWAT,0.2579
2016-09-30,LIS-SWAT,0.6453
2016-09-30,SWAT,0.2849
2016-10-01,LIS-SWAT,0.6658
2016-10-01,SWAT,0.2367
2016-10-02,LIS-SWAT,0.6661
2016-10-02,SWAT,0.2791
2016-10-03,LIS-SWAT,0.6578
2016-10-03,SWAT,0.2389
2016-10-04,LIS-SWAT,0.6481
2016-10-04,SWAT,0.2733
2016-10-05,LIS-SWAT,0.636
2016-10-05,SWAT,0.2182
2016-10-06,LIS-SWAT,0.6103
2016-10-06,SWAT,0.2467
2016-10-07,LIS-SWAT,0.589
2016-10-07,SWAT,0.5
2016-10-08,LIS-SWAT,0.5725
2016-10-08,SWAT,0.8169
2016-10-09,LIS-SWAT,0.5518
2016-10-09,SWAT,0.9543
2016-10-10,LIS-SWAT,0.5339
2016-10-10,SWAT,0.8837
2016-10-11,LIS-SWAT,0.5224
2016-10-11,SWAT,0.79
2016-10-12,LIS-SWAT,0.5186
2016-10-12,SWAT,0.9284
2016-10-13,LIS-SWAT,0.5086
2016-10-13,SWAT,0.9265
2016-10-14,LIS-SWAT,0.5008
2016-10-14,SWAT,0.9694
2016-10-15,LIS-SWAT,0.4926
2016-10-15,SWAT,0.9256
2016-10-16,LIS-SWAT,0.4805
2016-10-16,SWAT,0.9759
2016-10-17,LIS-SWAT,0.467
2016-10-17,SWAT,0.8991
2016-10-18,LIS-SWAT,0.4491
2016-10-18,SWAT,1.136
2016-10-19,LIS-SWAT,0.4324
2016-10-19,SWAT,0.8345
2016-10-20,LIS-SWAT,0.4207
2016-10-20,SWAT,1.238
2016-10-21,LIS-SWAT,0.4039
2016-10-21,SWAT,1.143
2016-10-22,LIS-SWAT,0.3884
2016-10-22,SWAT,1.467
2016-10-23,LIS-SWAT,0.3782
2016-10-23,SWAT,1.197
2016-10-24,LIS-SWAT,0.3772
2016-10-24,SWAT,1.514
2016-10-25,LIS-SWAT,0.3795
2016-10-25,SWAT,1.242
2016-10-26,LIS-SWAT,0.3815
2016-10-26,SWAT,1.522
2016-10-27,LIS-SWAT,0.3523
2016-10-27,SWAT,1.192
2016-10-28,LIS-SWAT,0.3365
2016-10-28,SWAT,1.463
2016-10-29,LIS-SWAT,0.3452
2016-10-29,SWAT,1.153
2016-10-30,LIS-SWAT,0.3563
2016-10-30,SWAT,1.425
2016-10-31,LIS-SWAT,0.3643
2016-10-31,SWAT,1.148
2016-11-01,LIS-SWAT,0.3732
2016-11-01,SWAT,1.371
2016-11-02,LIS-SWAT,0.3866
2016-11-02,SWAT,1.127
2016-11-03,LIS-SWAT,0.4126
2016-11-03,SWAT,1.304
2016-11-04,LIS-SWAT,0.4222
2016-11-04,SWAT,1.105
2016-11-05,LIS-SWAT,0.4217
2016-11-05,SWAT,1.229
2016-11-06,LIS-SWAT,0.4221
2016-11-06,SWAT,1.086
2016-11-07,LIS-SWAT,0.4173
2016-11-07,SWAT,1.161
2016-11-08,LIS-SWAT,0.4096
2016-11-08,SWAT,1.061
2016-11-09,LIS-SWAT,0.3947
2016-11-09,SWAT,1.104
2016-11-10,LIS-SWAT,0.3841
2016-11-10,SWAT,1.103
2016-11-11,LIS-SWAT,0.3746
2016-11-11,SWAT,1.284
2016-11-12,LIS-SWAT,0.3667
2016-11-12,SWAT,1.302
2016-11-13,LIS-SWAT,0.3596
2016-11-13,SWAT,1.476
2016-11-14,LIS-SWAT,0.353
2016-11-14,SWAT,1.456
2016-11-15,LIS-SWAT,0.3463
2016-11-15,SWAT,1.726
2016-11-16,LIS-SWAT,0.3394
2016-11-16,SWAT,1.632
2016-11-17,LIS-SWAT,0.3338
2016-11-17,SWAT,1.63
2016-11-18,LIS-SWAT,0.3295
2016-11-18,SWAT,1.529
2016-11-19,LIS-SWAT,0.3282
2016-11-19,SWAT,1.496
2016-11-20,LIS-SWAT,0.3267
2016-11-20,SWAT,1.23
2016-11-21,LIS-SWAT,0.3274
2016-11-21,SWAT,1.159
2016-11-22,LIS-SWAT,0.3278
2016-11-22,SWAT,1.039
2016-11-23,LIS-SWAT,0.3195
2016-11-23,SWAT,0.9794
2016-11-24,LIS-SWAT,0.3102
2016-11-24,SWAT,0.8945
2016-11-25,LIS-SWAT,0.3077
2016-11-25,SWAT,0.8427
2016-11-26,LIS-SWAT,0.3101
2016-11-26,SWAT,0.8
2016-11-27,LIS-SWAT,0.3108
2016-11-27,SWAT,0.79
2016-11-28,LIS-SWAT,0.3106
2016-11-28,SWAT,0.7587
2016-11-29,LIS-SWAT,0.2992
2016-11-29,SWAT,0.7159
2016-11-30,LIS-SWAT,0.2882
2016-11-30,SWAT,0.6853
2016-12-01,LIS-SWAT,0.2971
2016-12-01,SWAT,0.6571
2016-12-02,LIS-SWAT,0.3044
2016-12-02,SWAT,0.6366
2016-12-03,LIS-SWAT,0.3043
2016-12-03,SWAT,0.6171
2016-12-04,LIS-SWAT,0.3045
2016-12-04,SWAT,0.6009
2016-12-05,LIS-SWAT,0.3138
2016-12-05,SWAT,0.5856
2016-12-06,LIS-SWAT,0.3206
2016-12-06,SWAT,0.5736
2016-12-07,LIS-SWAT,0.3233
2016-12-07,SWAT,0.561
2016-12-08,LIS-SWAT,0.3225
2016-12-08,SWAT,0.5502
2016-12-09,LIS-SWAT,0.3211
2016-12-09,SWAT,0.5384
2016-12-10,LIS-SWAT,0.3193
2016-12-10,SWAT,0.5276
2016-12-11,LIS-SWAT,0.3167
2016-12-11,SWAT,0.517
2016-12-12,LIS-SWAT,0.3132
2016-12-12,SWAT,0.5074
2016-12-13,LIS-SWAT,0.3083
2016-12-13,SWAT,0.4985
2016-12-14,LIS-SWAT,0.3013
2016-12-14,SWAT,0.49
2016-12-15,LIS-SWAT,0.2972
2016-12-15,SWAT,0.4811
2016-12-16,LIS-SWAT,0.2946
2016-12-16,SWAT,0.5024
2016-12-17,LIS-SWAT,0.2821
2016-12-17,SWAT,0.4995
2016-12-18,LIS-SWAT,0.2774
2016-12-18,SWAT,0.4126
2016-12-19,LIS-SWAT,0.2712
2016-12-19,SWAT,0.3871
2016-12-20,LIS-SWAT,0.2643
2016-12-20,SWAT,0.3687
2016-12-21,LIS-SWAT,0.2578
2016-12-21,SWAT,0.3512
2016-12-22,LIS-SWAT,0.2533
2016-12-22,SWAT,0.3352
2016-12-23,LIS-SWAT,0.2427
2016-12-23,SWAT,0.3225
2016-12-24,LIS-SWAT,0.2373
2016-12-24,SWAT,0.313
2016-12-25,LIS-SWAT,0.2295
2016-12-25,SWAT,0.3032
2016-12-26,LIS-SWAT,0.2232
2016-12-26,SWAT,0.2948
2016-12-27,LIS-SWAT,0.218
2016-12-27,SWAT,0.2924
2016-12-28,LIS-SWAT,0.2104
2016-12-28,SWAT,0.2904
2016-12-29,LIS-SWAT,0.2068
2016-12-29,SWAT,0.29
2016-12-30,LIS-SWAT,0.2028
2016-12-30,SWAT,0.2897
2016-12-31,LIS-SWAT,0.1977
2016-12-31,SWAT,0.2903
2017-01-01,LIS-SWAT,0.1918
2017-01-01,SWAT,0.2918
2017-01-02,LIS-SWAT,0.186
2017-01-02,SWAT,0.2919
2017-01-03,LIS-SWAT,0.1802
2017-01-03,SWAT,0.2905
2017-01-04,LIS-SWAT,0.1739
2017-01-04,SWAT,0.2903
2017-01-05,LIS-SWAT,0.1684
2017-01-05,SWAT,0.2905
2017-01-06,LIS-SWAT,0.1643
2017-01-06,SWAT,0.2905
2017-01-07,LIS-SWAT,0.1601
2017-01-07,SWAT,0.2906
2017-01-08,LIS-SWAT,0.1561
2017-01-08,SWAT,0.2874
2017-01-09,LIS-SWAT,0.1521
2017-01-09,SWAT,0.2832
2017-01-10,LIS-SWAT,0.1481
2017-01-10,SWAT,0.2799
2017-01-11,LIS-SWAT,0.1436
2017-01-11,SWAT,0.2566
2017-01-12,LIS-SWAT,0.1406
2017-01-12,SWAT,0.2638
2017-01-13,LIS-SWAT,0.1363
2017-01-13,SWAT,0.2764
2017-01-14,LIS-SWAT,0.1323
2017-01-14,SWAT,0.2924
2017-01-15,LIS-SWAT,0.1271
2017-01-15,SWAT,0.3084
2017-01-16,LIS-SWAT,0.1251
2017-01-16,SWAT,0.2911
2017-01-17,LIS-SWAT,0.1322
2017-01-17,SWAT,0.2882
2017-01-18,LIS-SWAT,0.1335
2017-01-18,SWAT,0.2935
2017-01-19,LIS-SWAT,0.1346
2017-01-19,SWAT,0.2989
2017-01-20,LIS-SWAT,0.1348
2017-01-20,SWAT,0.3026
2017-01-21,LIS-SWAT,0.1354
2017-01-21,SWAT,0.3051
2017-01-22,LIS-SWAT,0.1364
2017-01-22,SWAT,0.3086
2017-01-23,LIS-SWAT,0.136
2017-01-23,SWAT,0.311
2017-01-24,LIS-SWAT,0.1349
2017-01-24,SWAT,0.3119
2017-01-25,LIS-SWAT,0.1351
2017-01-25,SWAT,0.3131
2017-01-26,LIS-SWAT,0.1347
2017-01-26,SWAT,0.3144
2017-01-27,LIS-SWAT,0.1328
2017-01-27,SWAT,0.3157
2017-01-28,LIS-SWAT,0.1298
2017-01-28,SWAT,0.3172
2017-01-29,LIS-SWAT,0.1266
2017-01-29,SWAT,0.3167
2017-01-30,LIS-SWAT,0.1241
2017-01-30,SWAT,0.3165
2017-01-31,LIS-SWAT,0.1221
2017-01-31,SWAT,0.3162
2017-02-01,LIS-SWAT,0.1206
2017-02-01,SWAT,0.3163
2017-02-02,LIS-SWAT,0.1192
2017-02-02,SWAT,0.3245
2017-02-03,LIS-SWAT,0.1171
2017-02-03,SWAT,0.3368
2017-02-04,LIS-SWAT,0.114
2017-02-04,SWAT,0.3501
2017-02-05,LIS-SWAT,0.1119
2017-02-05,SWAT,0.3593
2017-02-06,LIS-SWAT,0.1092
2017-02-06,SWAT,0.3626
2017-02-07,LIS-SWAT,0.1069
2017-02-07,SWAT,0.3603
2017-02-08,LIS-SWAT,0.1205
2017-02-08,SWAT,0.3447
2017-02-09,LIS-SWAT,0.1212
2017-02-09,SWAT,0.2931
2017-02-10,LIS-SWAT,0.1217
2017-02-10,SWAT,0.2483
2017-02-11,LIS-SWAT,0.1249
2017-02-11,SWAT,0.2245
2017-02-12,LIS-SWAT,0.1317
2017-02-12,SWAT,0.2173
2017-02-13,LIS-SWAT,0.1502
2017-02-13,SWAT,0.209
2017-02-14,LIS-SWAT,0.1675
2017-02-14,SWAT,0.2079
2017-02-15,LIS-SWAT,0.1933
2017-02-15,SWAT,0.2472
2017-02-16,LIS-SWAT,0.2204
2017-02-16,SWAT,0.1738
2017-02-17,LIS-SWAT,0.2486
2017-02-17,SWAT,0.1378
2017-02-18,LIS-SWAT,0.2705
2017-02-18,SWAT,0.1247
2017-02-19,LIS-SWAT,0.293
2017-02-19,SWAT,0.1135
2017-02-20,LIS-SWAT,0.3143
2017-02-20,SWAT,0.1295
2017-02-21,LIS-SWAT,0.338
2017-02-21,SWAT,0.1171
2017-02-22,LIS-SWAT,0.3363
2017-02-22,SWAT,0.1109
2017-02-23,LIS-SWAT,0.3396
2017-02-23,SWAT,0.1013
2017-02-24,LIS-SWAT,0.3516
2017-02-24,SWAT,0.1026
2017-02-25,LIS-SWAT,0.3544
2017-02-25,SWAT,0.117
2017-02-26,LIS-SWAT,0.3507
2017-02-26,SWAT,0.1752
2017-02-27,LIS-SWAT,0.3489
2017-02-27,SWAT,0.1851
2017-02-28,LIS-SWAT,0.3617
2017-02-28,SWAT,0.1924
2017-03-01,LIS-SWAT,0.3883
2017-03-01,SWAT,0.1827
2017-03-02,LIS-SWAT,0.3884
2017-03-02,SWAT,0.1706
2017-03-03,LIS-SWAT,0.3791
2017-03-03,SWAT,0.1714
2017-03-04,LIS-SWAT,0.3784
2017-03-04,SWAT,0.1735
2017-03-05,LIS-SWAT,0.3774
2017-03-05,SWAT,0.1734
2017-03-06,LIS-SWAT,0.3745
2017-03-06,SWAT,0.1743
2017-03-07,LIS-SWAT,0.3691
2017-03-07,SWAT,0.1762
2017-03-08,LIS-SWAT,0.3578
2017-03-08,SWAT,0.2227
2017-03-08,USGS,0.917873597
2017-03-09,LIS-SWAT,0.3278
2017-03-09,SWAT,0.3875
2017-03-09,USGS,0.822489466
2017-03-10,LIS-SWAT,0.327
2017-03-10,SWAT,0.4054
2017-03-10,USGS,0.862247117
2017-03-11,LIS-SWAT,0.3292
2017-03-11,SWAT,0.4529
2017-03-11,USGS,0.791436442
2017-03-12,LIS-SWAT,0.3237
2017-03-12,SWAT,0.5112
2017-03-12,USGS,0.755786592
2017-03-13,LIS-SWAT,0.3139
2017-03-13,SWAT,0.5483
2017-03-13,USGS,0.79955424
2017-03-14,LIS-SWAT,0.304
2017-03-14,SWAT,0.5973
2017-03-14,USGS,0.829360253
2017-03-15,LIS-SWAT,0.2976
2017-03-15,SWAT,0.6282
2017-03-15,USGS,0.718278451
2017-03-16,LIS-SWAT,0.2908
2017-03-16,SWAT,0.6808
2017-03-16,USGS,0.691871155
2017-03-17,LIS-SWAT,0.287
2017-03-17,SWAT,0.6674
2017-03-17,USGS,0.644729242
2017-03-18,LIS-SWAT,0.2978
2017-03-18,SWAT,0.7047
2017-03-18,USGS,0.620762175
2017-03-19,LIS-SWAT,0.3003
2017-03-19,SWAT,0.7184
2017-03-19,USGS,0.588992731
2017-03-20,LIS-SWAT,0.3108
2017-03-20,SWAT,0.7598
2017-03-20,USGS,0.573671609
2017-03-21,LIS-SWAT,0.3309
2017-03-21,SWAT,0.7495
2017-03-21,USGS,0.497762859
2017-03-22,LIS-SWAT,0.3504
2017-03-22,SWAT,0.7635
2017-03-22,USGS,0.455183539
2017-03-23,LIS-SWAT,0.3679
2017-03-23,SWAT,0.7462
2017-03-23,USGS,0.427211366
2017-03-24,LIS-SWAT,0.3818
2017-03-24,SWAT,0.7638
2017-03-24,USGS,0.423396979
2017-03-25,LIS-SWAT,0.3883
2017-03-25,SWAT,0.7241
2017-03-25,USGS,0.427935122
2017-03-26,LIS-SWAT,0.4017
2017-03-26,SWAT,0.9357
2017-03-26,USGS,0.440972502
2017-03-27,LIS-SWAT,0.4163
2017-03-27,SWAT,0.7246
2017-03-27,USGS,0.445288139
2017-03-28,LIS-SWAT,0.423
2017-03-28,SWAT,0.8472
2017-03-28,USGS,0.457550415
2017-03-29,LIS-SWAT,0.4233
2017-03-29,SWAT,0.6859
2017-03-29,USGS,0.461443046
2017-03-30,LIS-SWAT,0.4218
2017-03-30,SWAT,0.7848
2017-03-30,USGS,0.476064864
2017-03-31,LIS-SWAT,0.418
2017-03-31,SWAT,0.6791
2017-03-31,USGS,0.527441725
2017-04-01,LIS-SWAT,0.4101
2017-04-01,SWAT,0.7896
2017-04-01,USGS,0.544264151
2017-04-02,LIS-SWAT,0.3984
2017-04-02,SWAT,0.6943
2017-04-02,USGS,0.540293276
2017-04-03,LIS-SWAT,0.3861
2017-04-03,SWAT,0.8
2017-04-03,USGS,0.560458181
2017-04-04,LIS-SWAT,0.3794
2017-04-04,SWAT,0.7609
2017-04-04,USGS,0.571358526
2017-04-05,LIS-SWAT,0.3602
2017-04-05,SWAT,0.8734
2017-04-05,USGS,0.573493116
2017-04-06,LIS-SWAT,0.3457
2017-04-06,SWAT,1.055
2017-04-06,USGS,0.598396663
2017-04-07,LIS-SWAT,0.3377
2017-04-07,SWAT,0.9195
2017-04-07,USGS,0.614556461
2017-04-08,LIS-SWAT,0.3283
2017-04-08,SWAT,0.8195
2017-04-08,USGS,0.635227505
2017-04-09,LIS-SWAT,0.3165
2017-04-09,SWAT,0.7054
2017-04-09,USGS,0.638626222
2017-04-10,LIS-SWAT,0.3039
2017-04-10,SWAT,0.6877
2017-04-10,USGS,0.64256531
2017-04-11,LIS-SWAT,0.2935
2017-04-11,SWAT,0.8933
2017-04-11,USGS,0.64916958
2017-04-12,LIS-SWAT,0.2817
2017-04-12,SWAT,0.4198
2017-04-12,USGS,0.634699359
2017-04-13,LIS-SWAT,0.2693
2017-04-13,SWAT,0.5844
2017-04-13,USGS,0.638293686
2017-04-14,LIS-SWAT,0.2546
2017-04-14,SWAT,0.361
2017-04-14,USGS,0.611204201
2017-04-15,LIS-SWAT,0.2397
2017-04-15,SWAT,0.5519
2017-04-15,USGS,0.587481647
2017-04-16,LIS-SWAT,0.2329
2017-04-16,SWAT,0.3602
2017-04-16,USGS,0.62717328
2017-04-17,LIS-SWAT,0.229
2017-04-17,SWAT,0.6149
2017-04-17,USGS,0.712263456
2017-04-18,LIS-SWAT,0.2271
2017-04-18,SWAT,0.4133
2017-04-18,USGS,0.77999328
2017-04-19,LIS-SWAT,0.2287
2017-04-19,SWAT,0.6142
2017-04-19,USGS,0.828577814
2017-04-20,LIS-SWAT,0.2365
2017-04-20,SWAT,0.4572
2017-04-20,USGS,0.83153641
2017-04-21,LIS-SWAT,0.2276
2017-04-21,SWAT,0.6826
2017-04-21,USGS,0.810703987
2017-04-22,LIS-SWAT,0.22
2017-04-22,SWAT,0.5163
2017-04-22,USGS,0.799652045
2017-04-23,LIS-SWAT,0.2383
2017-04-23,SWAT,0.7725
2017-04-23,USGS,0.845229082
2017-04-24,LIS-SWAT,0.2503
2017-04-24,SWAT,0.4649
2017-04-24,USGS,0.881636918
2017-04-25,LIS-SWAT,0.2521
2017-04-25,SWAT,0.6868
2017-04-25,USGS,0.861269069
2017-04-26,LIS-SWAT,0.2518
2017-04-26,SWAT,0.4493
2017-04-26,USGS,0.823443062
2017-04-27,LIS-SWAT,0.3131
2017-04-27,SWAT,0.6617
2017-04-27,USGS,0.817354714
2017-04-28,LIS-SWAT,0.3073
2017-04-28,SWAT,0.418
2017-04-28,USGS,0.83378592
2017-04-29,LIS-SWAT,0.3808
2017-04-29,SWAT,0.6343
2017-04-29,USGS,0.8160588
2017-04-30,LIS-SWAT,0.4444
2017-04-30,SWAT,0.481
2017-04-30,USGS,0.7977204
2017-05-01,LIS-SWAT,0.4458
2017-05-01,SWAT,0.6656
2017-05-01,USGS,0.810606182
2017-05-02,LIS-SWAT,0.4418
2017-05-02,SWAT,0.4704
2017-05-02,USGS,0.883177344
2017-05-03,LIS-SWAT,0.4484
2017-05-03,SWAT,0.649
2017-05-03,USGS,0.903642998
2017-05-04,LIS-SWAT,0.4672
2017-05-04,SWAT,0.4524
2017-05-04,USGS,0.930417062
2017-05-05,LIS-SWAT,0.4988
2017-05-05,SWAT,0.6303
2017-05-05,USGS,0.9413712
2017-05-06,LIS-SWAT,0.5385
2017-05-06,SWAT,0.4512
2017-05-06,USGS,0.927776333
2017-05-07,LIS-SWAT,0.5694
2017-05-07,SWAT,0.6844
2017-05-07,USGS,0.906552691
2017-05-08,LIS-SWAT,0.6271
2017-05-08,SWAT,0.4445
2017-05-09,LIS-SWAT,0.712
2017-05-09,SWAT,0.5058
2017-05-10,LIS-SWAT,0.7959
2017-05-10,SWAT,0.1827
2017-05-11,LIS-SWAT,0.7387
2017-05-11,SWAT,0.2796
2017-05-11,USGS,0.819995443
2017-05-12,LIS-SWAT,0.7513
2017-05-12,SWAT,0.179
2017-05-12,USGS,0.81686569
2017-05-13,LIS-SWAT,0.8337
2017-05-13,SWAT,0.2424
2017-05-13,USGS,0.848163226
2017-05-14,LIS-SWAT,0.9496
2017-05-14,SWAT,0.1615
2017-05-14,USGS,0.818626176
2017-05-15,LIS-SWAT,1.063
2017-05-15,SWAT,0.2343
2017-05-15,USGS,0.729966125
2017-05-16,LIS-SWAT,0.8838
2017-05-16,SWAT,0.1518
2017-05-16,USGS,0.706541875
2017-05-17,LIS-SWAT,0.7842
2017-05-17,SWAT,0.1883
2017-05-17,USGS,0.682286285
2017-05-18,LIS-SWAT,0.8075
2017-05-18,SWAT,0.1494
2017-05-18,USGS,0.730259539
2017-05-19,LIS-SWAT,0.8565
2017-05-19,SWAT,0.1681
2017-05-19,USGS,0.723119789
2017-05-20,LIS-SWAT,0.9354
2017-05-20,SWAT,0.1472
2017-05-20,USGS,0.753023606
2017-05-21,LIS-SWAT,1.032
2017-05-21,SWAT,0.1547
2017-05-21,USGS,0.801021312
2017-05-22,LIS-SWAT,1.122
2017-05-22,SWAT,0.136
2017-05-22,USGS,0.818821786
2017-05-23,LIS-SWAT,1.261
2017-05-23,SWAT,0.1425
2017-05-23,USGS,0.887285146
2017-05-24,LIS-SWAT,1.393
2017-05-24,SWAT,0.1278
2017-05-24,USGS,0.984111898
2017-05-25,LIS-SWAT,1.452
2017-05-25,SWAT,0.1429
2017-05-25,USGS,1.048467456
2017-05-26,LIS-SWAT,1.474
2017-05-26,SWAT,0.1304
2017-05-26,USGS,1.028393021
2017-05-27,LIS-SWAT,1.483
2017-05-27,SWAT,0.1299
2017-05-27,USGS,1.045826726
2017-05-28,LIS-SWAT,1.49
2017-05-28,SWAT,0.2002
2017-05-28,USGS,1.03264753
2017-05-29,LIS-SWAT,1.503
2017-05-29,SWAT,0.2879
2017-05-29,USGS,1.062649152
2017-05-30,LIS-SWAT,1.503
2017-05-30,SWAT,0.3284
2017-05-30,USGS,1.059372691
2017-05-31,LIS-SWAT,1.504
2017-05-31,SWAT,0.3723
2017-05-31,USGS,1.043137094
2017-06-01,LIS-SWAT,1.474
2017-06-01,SWAT,0.6053
2017-06-01,USGS,1.036241856
2017-06-02,LIS-SWAT,1.433
2017-06-02,SWAT,0.6099
2017-06-02,USGS,1.034139053
2017-06-03,LIS-SWAT,1.384
2017-06-03,SWAT,0.7347
2017-06-03,USGS,1.029493325
2017-06-04,LIS-SWAT,1.345
2017-06-04,SWAT,2.053
2017-06-04,USGS,1.024554182
2017-06-05,LIS-SWAT,1.295
2017-06-05,SWAT,2.556
2017-06-05,USGS,1.00941889
2017-06-06,LIS-SWAT,1.251
2017-06-06,SWAT,3.754
2017-06-06,USGS,0.984405312
2017-06-07,LIS-SWAT,1.207
2017-06-07,SWAT,2.644
2017-06-07,USGS,0.934011389
2017-06-08,LIS-SWAT,1.168
2017-06-08,SWAT,2.121
2017-06-08,USGS,0.922641581
2017-06-09,LIS-SWAT,1.139
2017-06-09,SWAT,2.108
2017-06-09,USGS,0.890268192
2017-06-10,LIS-SWAT,1.094
2017-06-10,SWAT,1.816
2017-06-10,USGS,0.815985446
2017-06-11,LIS-SWAT,1.048
2017-06-11,SWAT,1.875
2017-06-11,USGS,0.677801935
2017-06-12,LIS-SWAT,1.007
2017-06-12,SWAT,1.605
2017-06-12,USGS,0.433211691
2017-06-13,LIS-SWAT,0.9446
2017-06-13,SWAT,1.259
2017-06-13,USGS,0.445520425
2017-06-14,LIS-SWAT,0.8786
2017-06-14,SWAT,0.9401
2017-06-14,USGS,0.605509517
2017-06-15,LIS-SWAT,0.7598
2017-06-15,SWAT,0.9069
2017-06-15,USGS,0.565253061
2017-06-16,LIS-SWAT,0.7231
2017-06-16,SWAT,0.8799
2017-06-17,LIS-SWAT,0.6997
2017-06-17,SWAT,0.8023
2017-06-18,LIS-SWAT,0.6644
2017-06-18,SWAT,1.696
2017-06-19,LIS-SWAT,0.6262
2017-06-19,SWAT,2.41
2017-06-20,LIS-SWAT,0.6004
2017-06-20,SWAT,2.301
2017-06-20,USGS,0.826069121
2017-06-21,LIS-SWAT,0.5605
2017-06-21,SWAT,2.119
2017-06-21,USGS,0.802850262
2017-06-22,LIS-SWAT,0.5178
2017-06-22,SWAT,2.595
2017-06-22,USGS,0.711236506
2017-06-23,LIS-SWAT,0.4666
2017-06-23,SWAT,2.566
2017-06-23,USGS,0.671283245
2017-06-24,LIS-SWAT,0.4383
2017-06-24,SWAT,2.773
2017-06-24,USGS,0.655732282
2017-06-25,LIS-SWAT,0.4402
2017-06-25,SWAT,2.57
2017-06-25,USGS,0.698546333
2017-06-26,LIS-SWAT,0.4431
2017-06-26,SWAT,2.709
2017-06-26,USGS,0.752241168
2017-06-27,LIS-SWAT,0.4364
2017-06-27,SWAT,2.518
2017-06-27,USGS,0.780629011
2017-06-28,LIS-SWAT,0.4262
2017-06-28,SWAT,2.518
2017-06-28,USGS,0.738401789
2017-06-29,LIS-SWAT,0.4324
2017-06-29,SWAT,2.296
2017-06-29,USGS,0.741262579
2017-06-30,LIS-SWAT,0.418
2017-06-30,SWAT,2.38
2017-06-30,USGS,0.762241709
2017-07-01,LIS-SWAT,0.4374
2017-07-01,SWAT,2.124
2017-07-01,USGS,0.788893517
2017-07-02,LIS-SWAT,0.4462
2017-07-02,SWAT,1.854
2017-07-02,USGS,0.780384499
2017-07-03,LIS-SWAT,0.4511
2017-07-03,SWAT,2.146
2017-07-03,USGS,0.762813867
2017-07-04,LIS-SWAT,0.4534
2017-07-04,SWAT,1.393
2017-07-04,USGS,0.747531867
2017-07-05,LIS-SWAT,0.4666
2017-07-05,SWAT,1.745
2017-07-05,USGS,0.687606866
2017-07-06,LIS-SWAT,0.4857
2017-07-06,SWAT,1.133
2017-07-06,USGS,0.589171225
2017-07-07,LIS-SWAT,0.4981
2017-07-07,SWAT,1.571
2017-07-07,USGS,0.526219165
2017-07-08,LIS-SWAT,0.4919
2017-07-08,SWAT,1.038
2017-07-08,USGS,0.483546931
2017-07-09,LIS-SWAT,0.4887
2017-07-09,SWAT,1.486
2017-07-09,USGS,0.424120735
2017-07-10,LIS-SWAT,0.4792
2017-07-10,SWAT,1.093
2017-07-10,USGS,0.393622753
2017-07-11,LIS-SWAT,0.4581
2017-07-11,SWAT,2.221
2017-07-11,USGS,0.358481488
2017-07-12,LIS-SWAT,0.4288
2017-07-12,SWAT,0.3035
2017-07-12,USGS,0.368865913
2017-07-13,LIS-SWAT,0.4071
2017-07-13,SWAT,0.5217
2017-07-13,USGS,0.562465624
2017-07-14,LIS-SWAT,0.378
2017-07-14,SWAT,0.4549
2017-07-14,USGS,0.531172979
2017-07-15,LIS-SWAT,0.3766
2017-07-15,SWAT,0.4238
2017-07-15,USGS,0.465981189
2017-07-16,LIS-SWAT,0.3669
2017-07-16,SWAT,0.4541
2017-07-16,USGS,0.4141422
2017-07-17,LIS-SWAT,0.3504
2017-07-17,SWAT,0.4334
2017-07-17,USGS,0.38531179
2017-07-18,LIS-SWAT,0.338
2017-07-18,SWAT,0.4423
2017-07-18,USGS,0.372010337
2017-07-19,LIS-SWAT,0.3256
2017-07-19,SWAT,0.3953
2017-07-19,USGS,0.36737928
2017-07-20,LIS-SWAT,0.3204
2017-07-20,SWAT,0.3844
2017-07-20,USGS,0.366992951
2017-07-21,LIS-SWAT,0.292
2017-07-21,SWAT,0.4002
2017-07-21,USGS,0.382773756
2017-07-22,LIS-SWAT,0.2567
2017-07-22,SWAT,0.3831
2017-07-22,USGS,0.528238835
2017-07-23,LIS-SWAT,0.2266
2017-07-23,SWAT,0.3877
2017-07-23,USGS,0.712996992
2017-07-24,LIS-SWAT,0.2053
2017-07-24,SWAT,0.3862
2017-07-24,USGS,0.75451513
2017-07-25,LIS-SWAT,0.1943
2017-07-25,SWAT,0.4004
2017-07-25,USGS,0.890463802
2017-07-26,LIS-SWAT,0.1862
2017-07-26,SWAT,0.4497
2017-07-26,USGS,0.837991526
2017-07-27,LIS-SWAT,0.1779
2017-07-27,SWAT,0.3926
2017-07-27,USGS,0.706395168
2017-07-28,LIS-SWAT,0.1695
2017-07-28,SWAT,0.4212
2017-07-29,LIS-SWAT,0.1592
2017-07-29,SWAT,0.3824
2017-07-30,LIS-SWAT,0.1467
2017-07-30,SWAT,0.3948
2017-07-31,LIS-SWAT,0.1361
2017-07-31,SWAT,0.3506
2017-08-01,LIS-SWAT,0.1286
2017-08-01,SWAT,0.372
2017-08-02,LIS-SWAT,0.1249
2017-08-02,SWAT,0.3334
2017-08-03,LIS-SWAT,0.126
2017-08-03,SWAT,0.3289
2017-08-03,USGS,0.216539827
2017-08-04,LIS-SWAT,0.1297
2017-08-04,SWAT,0.3096
2017-08-04,USGS,0.179985283
2017-08-05,LIS-SWAT,0.1324
2017-08-05,SWAT,0.2982
2017-08-05,USGS,0.175992402
2017-08-06,LIS-SWAT,0.1696
2017-08-06,SWAT,0.2834
2017-08-06,USGS,0.169789133
2017-08-07,LIS-SWAT,0.2499
2017-08-07,SWAT,0.2708
2017-08-07,USGS,0.161715347
2017-08-08,LIS-SWAT,0.3654
2017-08-08,SWAT,0.3179
2017-08-08,USGS,0.161025823
2017-08-09,LIS-SWAT,0.4997
2017-08-09,SWAT,0.2061
2017-08-09,USGS,0.15811124
2017-08-10,LIS-SWAT,0.639
2017-08-10,SWAT,0.2269
2017-08-10,USGS,0.155817717
2017-08-11,LIS-SWAT,0.7676
2017-08-11,SWAT,0.1624
2017-08-11,USGS,0.159923074
2017-08-12,LIS-SWAT,0.8834
2017-08-12,SWAT,0.1818
2017-08-12,USGS,0.170375962
2017-08-13,LIS-SWAT,0.9867
2017-08-13,SWAT,0.1408
2017-08-13,USGS,0.164964911
2017-08-14,LIS-SWAT,1.076
2017-08-14,SWAT,0.1502
2017-08-14,USGS,0.13998312
2017-08-15,LIS-SWAT,1.141
2017-08-15,SWAT,0.1207
2017-08-15,USGS,0.13173084
2017-08-16,LIS-SWAT,1.158
2017-08-16,SWAT,0.1366
2017-08-16,USGS,0.117752089
2017-08-17,LIS-SWAT,1.142
2017-08-17,SWAT,0.1186
2017-08-17,USGS,0.126385808
2017-08-18,LIS-SWAT,1.092
2017-08-18,SWAT,0.1666
2017-08-18,USGS,0.148396778
2017-08-19,LIS-SWAT,1.02
2017-08-19,SWAT,0.1397
2017-08-19,USGS,0.164996698
2017-08-20,LIS-SWAT,0.9237
2017-08-20,SWAT,0.1903
2017-08-20,USGS,0.168576353
2017-08-21,LIS-SWAT,0.831
2017-08-21,SWAT,0.158
2017-08-21,USGS,0.185780218
2017-08-22,LIS-SWAT,0.7615
2017-08-22,SWAT,0.2152
2017-08-22,USGS,0.200255328
2017-08-23,LIS-SWAT,0.6922
2017-08-23,SWAT,0.1754
2017-08-23,USGS,0.199375085
2017-08-24,LIS-SWAT,0.6209
2017-08-24,SWAT,0.2315
2017-08-24,USGS,0.19642138
2017-08-25,LIS-SWAT,0.5548
2017-08-25,SWAT,0.1942
2017-08-25,USGS,0.20355624
2017-08-26,LIS-SWAT,0.49
2017-08-26,SWAT,0.2555
2017-08-26,USGS,0.206123616
2017-08-27,LIS-SWAT,0.4248
2017-08-27,SWAT,0.2269
2017-08-27,USGS,0.207664042
2017-08-28,LIS-SWAT,0.3636
2017-08-28,SWAT,0.2853
2017-08-28,USGS,0.216358888
2017-08-29,LIS-SWAT,0.3134
2017-08-29,SWAT,0.2574
2017-08-29,USGS,0.223985218
2017-08-30,LIS-SWAT,0.2744
2017-08-30,SWAT,0.2967
2017-08-30,USGS,0.221508311
2017-08-31,LIS-SWAT,0.2405
2017-08-31,SWAT,0.2722
2017-08-31,USGS,0.216041023
2017-09-01,LIS-SWAT,0.2064
2017-09-01,SWAT,0.2867
2017-09-01,USGS,0.215207237
2017-09-02,LIS-SWAT,0.185
2017-09-02,SWAT,0.2706
2017-09-02,USGS,0.216270864
2017-09-03,LIS-SWAT,0.1844
2017-09-03,SWAT,0.2796
2017-09-03,USGS,0.222192945
2017-09-04,LIS-SWAT,0.1813
2017-09-04,SWAT,0.2651
2017-09-04,USGS,0.222192945
2017-09-05,LIS-SWAT,0.1694
2017-09-05,SWAT,0.2712
2017-09-05,USGS,0.2322864
2017-09-06,LIS-SWAT,0.1552
2017-09-06,SWAT,0.2569
2017-09-06,USGS,0.233401375
2017-09-07,LIS-SWAT,0.1431
2017-09-07,SWAT,0.2827
2017-09-07,USGS,0.240306394
2017-09-08,LIS-SWAT,0.1424
2017-09-08,SWAT,0.2937
2017-09-08,USGS,0.249216411
2017-09-09,LIS-SWAT,0.1344
2017-09-09,SWAT,0.3237
2017-09-09,USGS,0.255192284
2017-09-10,LIS-SWAT,0.1293
2017-09-10,SWAT,0.3399
2017-09-10,USGS,0.254228907
2017-09-11,LIS-SWAT,0.1276
2017-09-11,SWAT,0.3617
2017-09-11,USGS,0.247617302
2017-09-12,LIS-SWAT,0.1288
2017-09-12,SWAT,0.3774
2017-09-12,USGS,0.241920173
2017-09-13,LIS-SWAT,0.1308
2017-09-13,SWAT,0.3859
2017-09-13,USGS,0.227931641
2017-09-14,LIS-SWAT,0.1348
2017-09-14,SWAT,0.3844
2017-09-14,USGS,0.214828243
2017-09-15,LIS-SWAT,0.1412
2017-09-15,SWAT,0.3805
2017-09-15,USGS,0.198580421
2017-09-16,LIS-SWAT,0.2018
2017-09-16,SWAT,0.3701
2017-09-16,USGS,0.193242724
2017-09-17,LIS-SWAT,0.2209
2017-09-17,SWAT,0.4213
2017-09-17,USGS,0.18847474
2017-09-18,LIS-SWAT,0.2404
2017-09-18,SWAT,0.3984
2017-09-18,USGS,0.178513321
2017-09-19,LIS-SWAT,0.2353
2017-09-19,SWAT,0.3826
2017-09-19,USGS,0.141014961
2017-09-20,LIS-SWAT,0.2458
2017-09-20,SWAT,0.3721
2017-09-20,USGS,0.137046531
2017-09-21,LIS-SWAT,0.2464
2017-09-21,SWAT,0.3608
2017-09-21,USGS,0.135300715
2017-09-22,LIS-SWAT,0.242
2017-09-22,SWAT,0.3603
2017-09-22,USGS,0.148663296
2017-09-23,LIS-SWAT,0.2291
2017-09-23,SWAT,0.3658
2017-09-23,USGS,0.154639169
2017-09-24,LIS-SWAT,0.2165
2017-09-24,SWAT,0.4272
2017-09-24,USGS,0.159617434
2017-09-25,LIS-SWAT,0.2073
2017-09-25,SWAT,0.2962
2017-09-25,USGS,0.157842276
2017-09-26,LIS-SWAT,0.2083
2017-09-26,SWAT,0.3475
2017-09-26,USGS,0.156675954
2017-09-27,LIS-SWAT,0.2055
2017-09-27,SWAT,0.2906
2017-09-27,USGS,0.161964749
2017-09-28,LIS-SWAT,0.2124
2017-09-28,SWAT,0.3296
2017-09-28,USGS,0.16974023
2017-09-29,LIS-SWAT,0.2041
2017-09-29,SWAT,0.1824
2017-09-29,USGS,0.175095043
2017-09-30,LIS-SWAT,0.1918
2017-09-30,SWAT,0.2631
2017-09-30,USGS,0.183506256
2017-10-01,LIS-SWAT,0.1794
2017-10-01,SWAT,0.2375
2017-10-01,USGS,0.176483871
2017-10-02,LIS-SWAT,0.1744
2017-10-02,SWAT,0.3244
2017-10-02,USGS,0.180366722
2017-10-03,LIS-SWAT,0.1988
2017-10-03,SWAT,0.2896
2017-10-03,USGS,0.181916928
2017-10-04,LIS-SWAT,0.2028
2017-10-04,SWAT,0.3224
2017-10-04,USGS,0.192325804
2017-10-05,LIS-SWAT,0.2152
2017-10-05,SWAT,0.3534
2017-10-05,USGS,0.205377854
2017-10-06,LIS-SWAT,0.2091
2017-10-06,SWAT,0.4555
2017-10-06,USGS,0.216405346
2017-10-07,LIS-SWAT,0.1896
2017-10-07,SWAT,0.5655
2017-10-07,USGS,0.217097315
2017-10-08,LIS-SWAT,0.19
2017-10-08,SWAT,0.5733
2017-10-08,USGS,0.228912134
2017-10-09,LIS-SWAT,0.1991
2017-10-09,SWAT,0.6958
2017-10-09,USGS,0.250028191
2017-10-10,LIS-SWAT,0.2309
2017-10-10,SWAT,0.6408
2017-10-10,USGS,0.267965591
2017-10-11,LIS-SWAT,0.2765
2017-10-11,SWAT,0.7456
2017-10-11,USGS,0.312911787
2017-10-12,LIS-SWAT,0.3041
2017-10-12,SWAT,0.6981
2017-10-12,USGS,0.338201663
2017-10-13,LIS-SWAT,0.3231
2017-10-13,SWAT,0.9578
2017-10-13,USGS,0.354053376
2017-10-14,LIS-SWAT,0.3552
2017-10-14,SWAT,0.7898
2017-10-14,USGS,0.361222468
2017-10-15,LIS-SWAT,0.3901
2017-10-15,SWAT,0.9568
2017-10-15,USGS,0.387722678
2017-10-16,LIS-SWAT,0.4019
2017-10-16,SWAT,0.8074
2017-10-16,USGS,0.303243782
2017-10-17,LIS-SWAT,0.4025
2017-10-17,SWAT,0.9182
2017-10-17,USGS,0.445794278
2017-10-18,LIS-SWAT,0.4084
2017-10-18,SWAT,0.8161
2017-10-18,USGS,0.47354639
2017-10-19,LIS-SWAT,0.4136
2017-10-19,SWAT,0.8979
2017-10-19,USGS,0.501738624
2017-10-20,LIS-SWAT,0.4182
2017-10-20,SWAT,0.806
2017-10-20,USGS,0.522864461
2017-10-21,LIS-SWAT,0.4225
2017-10-21,SWAT,0.8612
2017-10-21,USGS,0.554553216
2017-10-22,LIS-SWAT,0.436
2017-10-22,SWAT,0.7931
2017-10-22,USGS,0.557242848
2017-10-23,LIS-SWAT,0.4437
2017-10-23,SWAT,0.814
2017-10-23,USGS,0.591841296
2017-10-24,LIS-SWAT,0.4359
2017-10-24,SWAT,0.7854
2017-10-24,USGS,0.592697088
2017-10-25,LIS-SWAT,0.4365
2017-10-25,SWAT,0.8034
2017-10-25,USGS,0.616187356
2017-10-26,LIS-SWAT,0.4393
2017-10-26,SWAT,0.7904
2017-10-26,USGS,0.649717286
2017-10-27,LIS-SWAT,0.4429
2017-10-27,SWAT,0.8391
2017-10-27,USGS,0.425157466
2017-10-28,LIS-SWAT,0.447
2017-10-28,SWAT,0.8084
2017-10-28,USGS,0.336788384
2017-10-29,LIS-SWAT,0.4524
2017-10-29,SWAT,0.8449
2017-10-29,USGS,0.502731343
2017-10-30,LIS-SWAT,0.4551
2017-10-30,SWAT,0.8118
2017-10-30,USGS,0.52997976
2017-10-31,LIS-SWAT,0.4504
2017-10-31,SWAT,0.8324
2017-10-31,USGS,0.45602466
2017-11-01,LIS-SWAT,0.4414
2017-11-01,SWAT,0.7927
2017-11-02,LIS-SWAT,0.4333
2017-11-02,SWAT,0.8053
2017-11-03,LIS-SWAT,0.4264
2017-11-03,SWAT,0.8334
2017-11-04,LIS-SWAT,0.4305
2017-11-04,SWAT,0.8632
2017-11-05,LIS-SWAT,0.4348
2017-11-05,SWAT,0.8565
2017-11-06,LIS-SWAT,0.4379
2017-11-06,SWAT,0.9108
2017-11-07,LIS-SWAT,0.4398
2017-11-07,SWAT,0.9006
2017-11-08,LIS-SWAT,0.4427
2017-11-08,SWAT,0.9333
2017-11-09,LIS-SWAT,0.445
2017-11-09,SWAT,0.9317
2017-11-10,LIS-SWAT,0.4461
2017-11-10,SWAT,0.9412
2017-11-11,LIS-SWAT,0.4503
2017-11-11,SWAT,0.9181
2017-11-12,LIS-SWAT,0.4574
2017-11-12,SWAT,0.9245
2017-11-13,LIS-SWAT,0.4651
2017-11-13,SWAT,0.8967
2017-11-14,LIS-SWAT,0.4825
2017-11-14,SWAT,0.8909
2017-11-15,LIS-SWAT,0.5148
2017-11-15,SWAT,0.8699
2017-11-16,LIS-SWAT,0.4976
2017-11-16,SWAT,0.8698
2017-11-17,LIS-SWAT,0.49
2017-11-17,SWAT,0.8641
2017-11-18,LIS-SWAT,0.4899
2017-11-18,SWAT,0.8712
2017-11-19,LIS-SWAT,0.4683
2017-11-19,SWAT,0.8739
2017-11-20,LIS-SWAT,0.4434
2017-11-20,SWAT,0.8731
2017-11-21,LIS-SWAT,0.4255
2017-11-21,SWAT,0.8683
2017-11-22,LIS-SWAT,0.4091
2017-11-22,SWAT,0.8588
2017-11-23,LIS-SWAT,0.3962
2017-11-23,SWAT,0.8485
2017-11-24,LIS-SWAT,0.3825
2017-11-24,SWAT,0.8358
2017-11-25,LIS-SWAT,0.403
2017-11-25,SWAT,0.8226
2017-11-26,LIS-SWAT,0.3929
2017-11-26,SWAT,0.826
2017-11-27,LIS-SWAT,0.3876
2017-11-27,SWAT,0.8369
2017-11-28,LIS-SWAT,0.3875
2017-11-28,SWAT,0.8583
2017-11-29,LIS-SWAT,0.3897
2017-11-29,SWAT,0.8777
2017-11-30,LIS-SWAT,0.3925
2017-11-30,SWAT,0.8947
2017-12-01,LIS-SWAT,0.3958
2017-12-01,SWAT,0.903
2017-12-02,LIS-SWAT,0.4014
2017-12-02,SWAT,0.9053
2017-12-03,LIS-SWAT,0.4081
2017-12-03,SWAT,0.9047
2017-12-04,LIS-SWAT,0.4119
2017-12-04,SWAT,0.8959
2017-12-05,LIS-SWAT,0.4135
2017-12-05,SWAT,0.8852
2017-12-06,LIS-SWAT,0.4067
2017-12-06,SWAT,0.8708
2017-12-07,LIS-SWAT,0.4091
2017-12-07,SWAT,0.8557
2017-12-08,LIS-SWAT,0.4339
2017-12-08,SWAT,0.8382
2017-12-09,LIS-SWAT,0.4325
2017-12-09,SWAT,0.8206
2017-12-10,LIS-SWAT,0.4539
2017-12-10,SWAT,0.8165
2017-12-11,LIS-SWAT,0.449
2017-12-11,SWAT,0.8209
2017-12-12,LIS-SWAT,0.4373
2017-12-12,SWAT,0.8281
2017-12-13,LIS-SWAT,0.4301
2017-12-13,SWAT,0.8427
2017-12-14,LIS-SWAT,0.4226
2017-12-14,SWAT,0.8457
2017-12-15,LIS-SWAT,0.4091
2017-12-15,SWAT,0.8418
2017-12-16,LIS-SWAT,0.3919
2017-12-16,SWAT,0.8309
2017-12-17,LIS-SWAT,0.3744
2017-12-17,SWAT,0.8134
2017-12-18,LIS-SWAT,0.3588
2017-12-18,SWAT,0.7913
2017-12-19,LIS-SWAT,0.345
2017-12-19,SWAT,0.765
2017-12-20,LIS-SWAT,0.3319
2017-12-20,SWAT,0.7357
2017-12-21,LIS-SWAT,0.3179
2017-12-21,SWAT,0.7038
2017-12-22,LIS-SWAT,0.3052
2017-12-22,SWAT,0.6705
